,VIX Index,,V2X Index
2021-01-04,26.97,2021-01-04,24.8416
2021-01-05,25.34,2021-01-05,25.1986
2021-01-06,25.07,2021-01-06,21.4423
2021-01-07,22.37,2021-01-07,21.0154
2021-01-08,21.56,2021-01-08,20.5276
2021-01-11,24.08,2021-01-11,21.9797
2021-01-12,23.33,2021-01-12,21.9516
2021-01-13,22.21,2021-01-13,21.0937
2021-01-14,23.25,2021-01-14,19.6932
2021-01-15,24.34,2021-01-15,22.4344
2021-01-19,23.24,2021-01-18,21.9473
2021-01-20,21.58,2021-01-19,21.749
2021-01-21,21.32,2021-01-20,20.2772
2021-01-22,21.91,2021-01-21,19.9362
2021-01-25,23.19,2021-01-22,21.317
2021-01-26,23.02,2021-01-25,26.0059
2021-01-27,37.21,2021-01-26,23.0994
2021-01-28,30.21,2021-01-27,26.7698
2021-01-29,33.09,2021-01-28,25.9287
2021-02-01,30.24,2021-01-29,29.0082
2021-02-02,25.56,2021-02-01,27.3261
2021-02-03,22.91,2021-02-02,24.0219
2021-02-04,21.77,2021-02-03,22.7195
2021-02-05,20.87,2021-02-04,21.3727
2021-02-08,21.24,2021-02-05,20.6436
2021-02-09,21.63,2021-02-08,20.4375
2021-02-10,21.99,2021-02-09,21.1232
2021-02-11,21.25,2021-02-10,22.4678
2021-02-12,19.97,2021-02-11,21.2082
2021-02-16,21.46,2021-02-12,20.0616
2021-02-17,21.5,2021-02-15,20.1531
2021-02-18,22.49,2021-02-16,20.9294
2021-02-19,22.05,2021-02-17,21.829
2021-02-22,23.45,2021-02-18,22.5234
2021-02-23,23.11,2021-02-19,20.4844
2021-02-24,21.34,2021-02-22,21.6934
2021-02-25,28.89,2021-02-23,23.1325
2021-02-26,27.95,2021-02-24,21.4258
2021-03-01,23.35,2021-02-25,22.0962
2021-03-02,24.1,2021-02-26,26.8632
2021-03-03,26.67,2021-03-01,22.1594
2021-03-04,28.57,2021-03-02,21.8134
2021-03-05,24.66,2021-03-03,21.6956
2021-03-08,25.47,2021-03-04,22.0916
2021-03-09,24.03,2021-03-05,25.0782
2021-03-10,22.56,2021-03-08,20.8952
2021-03-11,21.91,2021-03-09,20.2608
2021-03-12,20.69,2021-03-10,19.6671
2021-03-15,20.03,2021-03-11,18.8846
2021-03-16,19.79,2021-03-12,18.7087
2021-03-17,19.23,2021-03-15,18.6234
2021-03-18,21.58,2021-03-16,17.5488
2021-03-19,20.95,2021-03-17,17.5706
2021-03-22,18.88,2021-03-18,17.4622
2021-03-23,20.3,2021-03-19,18.395
2021-03-24,21.2,2021-03-22,17.6826
2021-03-25,19.81,2021-03-23,17.5964
2021-03-26,18.86,2021-03-24,17.7712
2021-03-29,20.74,2021-03-25,18.8836
2021-03-30,19.61,2021-03-26,17.112
2021-03-31,19.4,2021-03-29,18.348
2021-04-01,17.33,2021-03-30,18.4722
2021-04-05,17.91,2021-03-31,17.9742
2021-04-06,18.12,2021-04-01,16.8956
2021-04-07,17.16,2021-04-06,17.1057
2021-04-08,16.95,2021-04-07,16.6645
2021-04-09,16.69,2021-04-08,16.1602
2021-04-12,16.91,2021-04-09,16.1768
2021-04-13,16.65,2021-04-12,17.0514
2021-04-14,16.99,2021-04-13,16.3086
2021-04-15,16.57,2021-04-14,16.1903
2021-04-16,16.25,2021-04-15,15.7081
2021-04-19,17.29,2021-04-16,16.1131
2021-04-20,18.68,2021-04-19,17.2101
2021-04-21,17.5,2021-04-20,21.0797
2021-04-22,18.71,2021-04-21,19.2813
2021-04-23,17.33,2021-04-22,17.7562
2021-04-26,17.64,2021-04-23,18.1883
2021-04-27,17.56,2021-04-26,18.2841
2021-04-28,17.28,2021-04-27,19.2123
2021-04-29,17.61,2021-04-28,18.377
2021-04-30,18.61,2021-04-29,18.8768
2021-05-03,18.31,2021-04-30,20.6309
2021-05-04,19.48,2021-05-03,19.9314
2021-05-05,19.15,2021-05-04,22.8185
2021-05-06,18.39,2021-05-05,19.9042
2021-05-07,16.69,2021-05-06,20.3775
2021-05-10,19.66,2021-05-07,18.3838
2021-05-11,21.84,2021-05-10,18.5019
2021-05-12,27.59,2021-05-11,22.5573
2021-05-13,23.13,2021-05-12,23.9387
2021-05-14,18.81,2021-05-13,23.3498
2021-05-17,19.72,2021-05-14,19.5457
2021-05-18,21.34,2021-05-17,21.8052
2021-05-19,22.18,2021-05-18,21.3082
2021-05-20,20.67,2021-05-19,24.4802
2021-05-21,20.15,2021-05-20,22.1023
2021-05-24,18.4,2021-05-21,20.3521
2021-05-25,18.84,2021-05-24,19.2364
2021-05-26,17.36,2021-05-25,19.0816
2021-05-27,16.74,2021-05-26,18.2823
2021-05-28,16.76,2021-05-27,17.8227
2021-06-01,17.9,2021-05-28,17.1662
2021-06-02,17.48,2021-05-31,19.0981
2021-06-03,18.04,2021-06-01,18.7726
2021-06-04,16.42,2021-06-02,17.8481
2021-06-07,16.42,2021-06-03,18.2446
2021-06-08,17.07,2021-06-04,17.376
2021-06-09,17.89,2021-06-07,17.711
2021-06-10,16.1,2021-06-08,17.7247
2021-06-11,15.65,2021-06-09,17.2322
2021-06-14,16.39,2021-06-10,16.6565
2021-06-15,17.02,2021-06-11,15.1511
2021-06-16,18.15,2021-06-14,16.0495
2021-06-17,17.75,2021-06-15,16.4055
2021-06-18,20.7,2021-06-16,16.1772
2021-06-21,17.89,2021-06-17,17.0804
2021-06-22,16.66,2021-06-18,20.7634
2021-06-23,16.32,2021-06-21,19.4847
2021-06-24,15.97,2021-06-22,17.5733
2021-06-25,15.62,2021-06-23,18.549
2021-06-28,15.76,2021-06-24,17.3518
2021-06-29,16.02,2021-06-25,16.6823
2021-06-30,15.83,2021-06-28,17.6455
2021-07-01,15.48,2021-06-29,16.9495
2021-07-02,15.07,2021-06-30,18.1849
2021-07-06,16.44,2021-07-01,17.7267
2021-07-07,16.2,2021-07-02,16.5747
2021-07-08,19,2021-07-05,16.7545
2021-07-09,16.18,2021-07-06,18.1255
2021-07-12,16.17,2021-07-07,17.3168
2021-07-13,17.12,2021-07-08,19.9652
2021-07-14,16.33,2021-07-09,17.9506
2021-07-15,17.01,2021-07-12,17.9521
2021-07-16,18.45,2021-07-13,17.9989
2021-07-19,22.5,2021-07-14,17.6841
2021-07-20,19.73,2021-07-15,18.642
2021-07-21,17.91,2021-07-16,19.4537
2021-07-22,17.69,2021-07-19,25.4361
2021-07-23,17.2,2021-07-20,24.4923
2021-07-26,17.58,2021-07-21,21.5241
2021-07-27,19.36,2021-07-22,19.9131
2021-07-28,18.31,2021-07-23,17.5527
2021-07-29,17.7,2021-07-26,18.5323
2021-07-30,18.24,2021-07-27,21.3563
2021-08-02,19.46,2021-07-28,19.4809
2021-08-03,18.04,2021-07-29,19.2556
2021-08-04,17.97,2021-07-30,20.9392
2021-08-05,17.28,2021-08-02,19.8395
2021-08-06,16.15,2021-08-03,20.2233
2021-08-09,16.72,2021-08-04,19.2129
2021-08-10,16.79,2021-08-05,18.2492
2021-08-11,16.06,2021-08-06,17.8883
2021-08-12,15.59,2021-08-09,17.5508
2021-08-13,15.45,2021-08-10,17.2752
2021-08-16,16.12,2021-08-11,17.038
2021-08-17,17.91,2021-08-12,16.1073
2021-08-18,21.57,2021-08-13,15.8002
2021-08-19,21.67,2021-08-16,18.0025
2021-08-20,18.56,2021-08-17,18.3901
2021-08-23,17.15,2021-08-18,18.4705
2021-08-24,17.22,2021-08-19,22.1296
2021-08-25,16.79,2021-08-20,20.1509
2021-08-26,18.84,2021-08-23,17.8943
2021-08-27,16.39,2021-08-24,18.0943
2021-08-30,16.19,2021-08-25,17.8302
2021-08-31,16.48,2021-08-26,19.0944
2021-09-01,16.11,2021-08-27,17.6003
2021-09-02,16.41,2021-08-30,17.498
2021-09-03,16.41,2021-08-31,18.7654
2021-09-07,18.14,2021-09-01,17.4679
2021-09-08,17.96,2021-09-02,16.9721
2021-09-09,18.8,2021-09-03,18.1919
2021-09-10,20.95,2021-09-06,17.5551
2021-09-13,19.37,2021-09-07,18.6
2021-09-14,19.46,2021-09-08,20.4927
2021-09-15,18.18,2021-09-09,19.6412
2021-09-16,18.69,2021-09-10,20.357
2021-09-17,20.81,2021-09-13,20.7429
2021-09-20,25.71,2021-09-14,20.4635
2021-09-21,24.36,2021-09-15,21.6946
2021-09-22,20.87,2021-09-16,21.6515
2021-09-23,18.63,2021-09-17,23.1662
2021-09-24,17.75,2021-09-20,26.4695
2021-09-27,18.76,2021-09-21,25.5096
2021-09-28,23.25,2021-09-22,22.8073
2021-09-29,22.56,2021-09-23,20.6244
2021-09-30,23.14,2021-09-24,21.8467
2021-10-01,21.15,2021-09-27,20.8349
2021-10-04,22.96,2021-09-28,24.8941
2021-10-05,21.3,2021-09-29,23.9588
2021-10-06,21,2021-09-30,23.2428
2021-10-07,19.54,2021-10-01,24.0389
2021-10-08,18.77,2021-10-04,25.1857
2021-10-11,20,2021-10-05,22.2252
2021-10-12,19.85,2021-10-06,24.3318
2021-10-13,18.64,2021-10-07,21.0201
2021-10-14,16.86,2021-10-08,20.2799
2021-10-15,16.3,2021-10-11,20.1795
2021-10-18,16.31,2021-10-12,20.7442
2021-10-19,15.7,2021-10-13,19.8415
2021-10-20,15.49,2021-10-14,16.9918
2021-10-21,15.01,2021-10-15,16.3486
2021-10-22,15.43,2021-10-18,17.1324
2021-10-25,15.24,2021-10-19,16.2901
2021-10-26,15.98,2021-10-20,15.9796
2021-10-27,16.98,2021-10-21,16.7516
2021-10-28,16.53,2021-10-22,16.4007
2021-10-29,16.26,2021-10-25,16.2815
2021-11-01,16.41,2021-10-26,16.1505
2021-11-02,16.03,2021-10-27,16.9191
2021-11-03,15.1,2021-10-28,17.6094
2021-11-04,15.44,2021-10-29,17.6164
2021-11-05,16.48,2021-11-01,17.4961
2021-11-08,17.22,2021-11-02,16.8576
2021-11-09,17.78,2021-11-03,16.4717
2021-11-10,18.73,2021-11-04,15.9723
2021-11-11,17.66,2021-11-05,16.4029
2021-11-12,16.29,2021-11-08,17.1981
2021-11-15,16.49,2021-11-09,18.062
2021-11-16,16.37,2021-11-10,17.1761
2021-11-17,17.11,2021-11-11,17.0902
2021-11-18,17.59,2021-11-12,16.1449
2021-11-19,17.91,2021-11-15,16.6495
2021-11-22,19.17,2021-11-16,16.7973
2021-11-23,19.38,2021-11-17,16.6822
2021-11-24,18.58,2021-11-18,17.7692
2021-11-26,28.62,2021-11-19,19.1166
2021-11-29,22.96,2021-11-22,18.8846
2021-11-30,27.19,2021-11-23,20.6416
2021-12-01,31.12,2021-11-24,20.666
2021-12-02,27.95,2021-11-25,19.8777
2021-12-03,30.67,2021-11-26,32.3129
2021-12-06,27.18,2021-11-29,28.8033
2021-12-07,21.89,2021-11-30,30.0679
2021-12-08,19.9,2021-12-01,26.0164
2021-12-09,21.58,2021-12-02,30.469
2021-12-10,18.69,2021-12-03,31.4794
2021-12-13,20.31,2021-12-06,30.041
2021-12-14,21.89,2021-12-07,24.873
2021-12-15,19.29,2021-12-08,24.708
2021-12-16,20.57,2021-12-09,23.516
2021-12-17,21.57,2021-12-10,22.4272
2021-12-20,22.87,2021-12-13,23.0184
2021-12-21,21.01,2021-12-14,24.418
2021-12-22,18.63,2021-12-15,24.7416
2021-12-23,17.96,2021-12-16,20.6116
2021-12-27,17.68,2021-12-17,21.9842
2021-12-28,17.54,2021-12-20,26.835
2021-12-29,16.95,2021-12-21,22.8332
2021-12-30,17.33,2021-12-22,21.0421
2021-12-31,17.22,2021-12-23,19.0369
2022-01-03,16.6,2021-12-27,19.6616
2022-01-04,16.91,2021-12-28,19.0728
2022-01-05,19.73,2021-12-29,20.1834
2022-01-06,19.61,2021-12-30,19.2677
2022-01-07,18.76,2022-01-03,19.1696
2022-01-10,19.4,2022-01-04,18.6397
2022-01-11,18.41,2022-01-05,17.7553
2022-01-12,17.62,2022-01-06,20.0961
2022-01-13,20.31,2022-01-07,20.6232
2022-01-14,19.19,2022-01-10,22.543
2022-01-18,22.79,2022-01-11,19.7861
2022-01-19,23.85,2022-01-12,18.3029
2022-01-20,25.59,2022-01-13,18.4609
2022-01-21,28.85,2022-01-14,21.3963
2022-01-24,29.9,2022-01-17,20.0374
2022-01-25,31.16,2022-01-18,21.9614
2022-01-26,31.96,2022-01-19,22.3578
2022-01-27,30.49,2022-01-20,20.4033
2022-01-28,27.66,2022-01-21,24.2217
2022-01-31,24.83,2022-01-24,32.6811
2022-02-01,21.96,2022-01-25,31.453
2022-02-02,22.09,2022-01-26,28.3362
2022-02-03,24.35,2022-01-27,28.028
2022-02-04,23.22,2022-01-28,29.4111
2022-02-07,22.86,2022-01-31,27.0084
2022-02-08,21.44,2022-02-01,24.0892
2022-02-09,19.96,2022-02-02,22.6402
2022-02-10,23.91,2022-02-03,24.3287
2022-02-11,27.36,2022-02-04,26.3008
2022-02-14,28.33,2022-02-07,24.2433
2022-02-15,25.7,2022-02-08,23.1564
2022-02-16,24.29,2022-02-09,21.4117
2022-02-17,28.11,2022-02-10,21.8414
2022-02-18,27.75,2022-02-11,24.6637
2022-02-22,28.81,2022-02-14,30.0547
2022-02-23,31.02,2022-02-15,27.055
2022-02-24,30.32,2022-02-16,26.6138
2022-02-25,27.59,2022-02-17,28.7931
2022-02-28,30.15,2022-02-18,31.2669
2022-03-01,33.32,2022-02-21,36.2245
2022-03-02,30.74,2022-02-22,32.9766
2022-03-03,30.48,2022-02-23,33.4572
2022-03-04,31.98,2022-02-24,38.1264
2022-03-07,36.45,2022-02-25,32.1184
2022-03-08,35.13,2022-02-28,35.293
2022-03-09,32.45,2022-03-01,41.5796
2022-03-10,30.23,2022-03-02,38.7848
2022-03-11,30.75,2022-03-03,40.4507
2022-03-14,31.77,2022-03-04,49.6395
2022-03-15,29.83,2022-03-07,48.2373
2022-03-16,26.67,2022-03-08,45.5607
2022-03-17,25.67,2022-03-09,41.497
2022-03-18,23.87,2022-03-10,43.3509
2022-03-21,23.53,2022-03-11,41.3743
2022-03-22,22.94,2022-03-14,40.6415
2022-03-23,23.57,2022-03-15,41.1972
2022-03-24,21.67,2022-03-16,36.0127
2022-03-25,20.81,2022-03-17,32.017
2022-03-28,19.63,2022-03-18,29.9048
2022-03-29,18.9,2022-03-21,28.3402
2022-03-30,19.33,2022-03-22,27.484
2022-03-31,20.56,2022-03-23,30.7746
2022-04-01,19.63,2022-03-24,31.1577
2022-04-04,18.57,2022-03-25,32.2262
2022-04-05,21.03,2022-03-28,30.5027
2022-04-06,22.1,2022-03-29,26.582
2022-04-07,21.55,2022-03-30,28.1001
2022-04-08,21.16,2022-03-31,28.9898
2022-04-11,24.37,2022-04-01,28.5011
2022-04-12,24.26,2022-04-04,26.725
2022-04-13,21.82,2022-04-05,29.1551
2022-04-14,22.7,2022-04-06,32.238
2022-04-18,22.17,2022-04-07,32.5322
2022-04-19,21.37,2022-04-08,30.7314
2022-04-20,20.32,2022-04-11,30.2283
2022-04-21,22.68,2022-04-12,30.0143
2022-04-22,28.21,2022-04-13,28.843
2022-04-25,27.02,2022-04-14,26.7531
2022-04-26,33.52,2022-04-19,27.4395
2022-04-27,31.6,2022-04-20,24.9786
2022-04-28,29.99,2022-04-21,24.5398
2022-04-29,33.4,2022-04-22,28.345
2022-05-02,32.34,2022-04-25,31.4602
2022-05-03,29.25,2022-04-26,32.7093
2022-05-04,25.42,2022-04-27,32.7446
2022-05-05,31.2,2022-04-28,31.2799
2022-05-06,30.19,2022-04-29,30.7732
2022-05-09,34.75,2022-05-02,34.0677
2022-05-10,32.99,2022-05-03,31.3834
2022-05-11,32.56,2022-05-04,31.2319
2022-05-12,31.77,2022-05-05,32.7671
2022-05-13,28.87,2022-05-06,32.8002
2022-05-16,27.47,2022-05-09,35.9089
2022-05-17,26.1,2022-05-10,35.0146
2022-05-18,30.96,2022-05-11,31.1216
2022-05-19,29.35,2022-05-12,32.3963
2022-05-20,29.43,2022-05-13,29.1149
2022-05-23,28.48,2022-05-16,28.2178
2022-05-24,29.45,2022-05-17,26.2385
2022-05-25,28.37,2022-05-18,27.6329
2022-05-26,27.5,2022-05-19,29.4669
2022-05-27,25.72,2022-05-20,28.6575
2022-05-30,26.54,2022-05-23,27.5784
2022-05-31,26.19,2022-05-24,28.6123
2022-06-01,25.69,2022-05-25,27.4222
2022-06-02,24.72,2022-05-26,25.6642
2022-06-03,24.79,2022-05-27,23.8505
2022-06-06,25.07,2022-05-30,23.726
2022-06-07,24.02,2022-05-31,25.249
2022-06-08,23.96,2022-06-01,25.4388
2022-06-09,26.09,2022-06-02,23.3885
2022-06-10,27.75,2022-06-03,23.3949
2022-06-13,34.02,2022-06-06,22.97
2022-06-14,32.69,2022-06-07,23.5931
2022-06-15,29.62,2022-06-08,23.1306
2022-06-16,32.95,2022-06-09,23.9731
2022-06-17,31.13,2022-06-10,27.6629
2022-06-20,31.03,2022-06-13,31.8085
2022-06-21,30.19,2022-06-14,31.5667
2022-06-22,28.95,2022-06-15,30.0721
2022-06-23,29.05,2022-06-16,32.5946
2022-06-24,27.23,2022-06-17,30.893
2022-06-27,26.95,2022-06-20,28.5896
2022-06-28,28.36,2022-06-21,28.1129
2022-06-29,28.16,2022-06-22,28.6815
2022-06-30,28.71,2022-06-23,29.209
2022-07-01,26.7,2022-06-24,27.7689
2022-07-04,27.53,2022-06-27,27.0179
2022-07-05,27.54,2022-06-28,26.6834
2022-07-06,26.73,2022-06-29,28.1127
2022-07-07,26.08,2022-06-30,29.7804
2022-07-08,24.64,2022-07-01,28.7616
2022-07-11,26.17,2022-07-04,28.3185
2022-07-12,27.29,2022-07-05,31.604
2022-07-13,26.82,2022-07-06,30.108
2022-07-14,26.4,2022-07-07,28.317
2022-07-15,24.23,2022-07-08,27.5514
2022-07-18,25.3,2022-07-11,28.8668
2022-07-19,24.5,2022-07-12,29.2615
2022-07-20,23.88,2022-07-13,29.8522
2022-07-21,23.11,2022-07-14,31.8165
2022-07-22,23.03,2022-07-15,28.8183
2022-07-25,23.36,2022-07-18,29.0637
2022-07-26,24.69,2022-07-19,26.7194
2022-07-27,23.24,2022-07-20,27.4017
2022-07-28,22.33,2022-07-21,25.5535
2022-07-29,21.33,2022-07-22,24.0588
2022-08-01,22.84,2022-07-25,24.5311
2022-08-02,23.93,2022-07-26,25.5671
2022-08-03,21.95,2022-07-27,24.0433
2022-08-04,21.44,2022-07-28,22.5542
2022-08-05,21.15,2022-07-29,22.3049
2022-08-08,21.29,2022-08-01,22.9625
2022-08-09,21.77,2022-08-02,23.7725
2022-08-10,19.74,2022-08-03,22.3417
2022-08-11,20.2,2022-08-04,22.4519
2022-08-12,19.53,2022-08-05,22.8536
2022-08-15,19.95,2022-08-08,22.0847
2022-08-16,19.69,2022-08-09,23.284
2022-08-17,19.9,2022-08-10,21.7894
2022-08-18,19.56,2022-08-11,21.6517
2022-08-19,20.6,2022-08-12,21.2132
2022-08-22,23.8,2022-08-15,21.5858
2022-08-23,24.11,2022-08-16,21.3365
2022-08-24,22.82,2022-08-17,22.7453
2022-08-25,21.78,2022-08-18,22.667
2022-08-26,25.56,2022-08-19,24.5809
2022-08-29,26.21,2022-08-22,27.3682
2022-08-30,26.21,2022-08-23,26.9246
2022-08-31,25.87,2022-08-24,25.4513
2022-09-01,25.56,2022-08-25,24.719
2022-09-02,25.47,2022-08-26,26.6601
2022-09-05,25.99,2022-08-29,28.4642
2022-09-06,26.91,2022-08-30,28.3703
2022-09-07,24.64,2022-08-31,27.9451
2022-09-08,23.61,2022-09-01,29.1451
2022-09-09,22.79,2022-09-02,25.5031
2022-09-12,23.87,2022-09-05,27.7853
2022-09-13,27.27,2022-09-06,27.3521
2022-09-14,26.16,2022-09-07,27.1301
2022-09-15,26.27,2022-09-08,25.9173
2022-09-16,26.3,2022-09-09,24.8838
2022-09-19,25.76,2022-09-12,24.6249
2022-09-20,27.16,2022-09-13,26.041
2022-09-21,27.99,2022-09-14,26.2438
2022-09-22,27.35,2022-09-15,25.3479
2022-09-23,29.92,2022-09-16,26.4308
2022-09-26,32.26,2022-09-19,26.1867
2022-09-27,32.6,2022-09-20,27.1557
2022-09-28,30.18,2022-09-21,27.2697
2022-09-29,31.84,2022-09-22,27.9968
2022-09-30,31.62,2022-09-23,29.9959
2022-10-03,30.1,2022-09-26,30.7535
2022-10-04,29.07,2022-09-27,31.3224
2022-10-05,28.55,2022-09-28,31.3435
2022-10-06,30.52,2022-09-29,33.0733
2022-10-07,31.36,2022-09-30,30.7092
2022-10-10,32.45,2022-10-03,30.7147
2022-10-11,33.63,2022-10-04,29.2679
2022-10-12,33.57,2022-10-05,29.8599
2022-10-13,31.94,2022-10-06,29.1714
2022-10-14,32.02,2022-10-07,29.9234
2022-10-17,31.37,2022-10-10,31.8717
2022-10-18,30.5,2022-10-11,32.0131
2022-10-19,30.76,2022-10-12,31.8224
2022-10-20,29.98,2022-10-13,30.2048
2022-10-21,29.69,2022-10-14,29.766
2022-10-24,29.85,2022-10-17,29.2711
2022-10-25,28.46,2022-10-18,28.9165
2022-10-26,27.28,2022-10-19,28.302
2022-10-27,27.39,2022-10-20,27.7451
2022-10-28,25.75,2022-10-21,27.8325
2022-10-31,25.88,2022-10-24,28.6794
2022-11-01,25.81,2022-10-25,27.6175
2022-11-02,25.86,2022-10-26,26.9479
2022-11-03,25.3,2022-10-27,25.8725
2022-11-04,24.55,2022-10-28,24.8904
2022-11-07,24.35,2022-10-31,24.8305
2022-11-08,25.54,2022-11-01,24.4661
2022-11-09,26.09,2022-11-02,24.7005
2022-11-10,23.53,2022-11-03,23.7706
2022-11-11,22.52,2022-11-04,22.9051
2022-11-14,23.73,2022-11-07,22.6633
2022-11-15,24.54,2022-11-08,22.6103
2022-11-16,24.11,2022-11-09,23.2437
2022-11-17,23.93,2022-11-10,21.3193
2022-11-18,23.12,2022-11-11,20.7775
2022-11-21,22.36,2022-11-14,20.9416
2022-11-22,21.29,2022-11-15,20.8552
2022-11-23,20.35,2022-11-16,21.1699
2022-11-24,20.42,2022-11-17,21.8159
2022-11-25,20.5,2022-11-18,20.8843
2022-11-28,22.21,2022-11-21,21.1749
2022-11-29,21.89,2022-11-22,20.2196
2022-11-30,20.58,2022-11-23,19.5057
2022-12-01,19.84,2022-11-24,19.563
2022-12-02,19.06,2022-11-25,19.9294
2022-12-05,20.75,2022-11-28,21.523
2022-12-06,22.17,2022-11-29,21.7003
2022-12-07,22.68,2022-11-30,21.2104
2022-12-08,22.29,2022-12-01,20.3191
2022-12-09,22.83,2022-12-02,19.3283
2022-12-12,25,2022-12-05,19.8221
2022-12-13,22.55,2022-12-06,20.81
2022-12-14,21.14,2022-12-07,22.0266
2022-12-15,22.83,2022-12-08,21.7925
2022-12-16,22.62,2022-12-09,21.3964
2022-12-19,22.42,2022-12-12,22.538
2022-12-20,21.48,2022-12-13,20.3898
2022-12-21,20.07,2022-12-14,20.34
2022-12-22,21.97,2022-12-15,20.8424
2022-12-23,20.87,2022-12-16,21.3153
2022-12-27,21.65,2022-12-19,20.6049
2022-12-28,22.14,2022-12-20,20.6949
2022-12-29,21.44,2022-12-21,19.0621
2022-12-30,21.67,2022-12-22,19.962
2023-01-03,22.9,2022-12-23,20.0403
2023-01-04,22.01,2022-12-27,20.6586
2023-01-05,22.46,2022-12-28,20.5078
2023-01-06,21.13,2022-12-29,19.9315
2023-01-09,21.97,2022-12-30,20.8862
2023-01-10,20.58,2023-01-02,20.7701
2023-01-11,21.09,2023-01-03,20.2765
2023-01-12,18.83,2023-01-04,19.4454
2023-01-13,18.35,2023-01-05,19.5317
2023-01-16,19.49,2023-01-06,18.4877
2023-01-17,19.36,2023-01-09,18.9985
2023-01-18,20.34,2023-01-10,19.2537
2023-01-19,20.52,2023-01-11,19.34
2023-01-20,19.85,2023-01-12,17.9438
2023-01-23,19.81,2023-01-13,17.3437
2023-01-24,19.2,2023-01-16,18.3479
2023-01-25,19.08,2023-01-17,18.6197
2023-01-26,18.73,2023-01-18,18.1208
2023-01-27,18.51,2023-01-19,20.2982
2023-01-30,19.94,2023-01-20,18.6836
2023-01-31,19.4,2023-01-23,18.1635
2023-02-01,17.87,2023-01-24,18.0648
2023-02-02,18.73,2023-01-25,18.4243
2023-02-03,18.33,2023-01-26,18.1732
2023-02-06,19.43,2023-01-27,17.2871
2023-02-07,18.66,2023-01-30,18.7467
2023-02-08,19.63,2023-01-31,18.5683
2023-02-09,20.71,2023-02-01,18.6992
2023-02-10,20.53,2023-02-02,16.6712
2023-02-13,20.34,2023-02-03,16.7598
2023-02-14,18.91,2023-02-06,18.6439
2023-02-15,18.23,2023-02-07,18.7636
2023-02-16,20.17,2023-02-08,18.7222
2023-02-17,20.02,2023-02-09,18.1667
2023-02-20,21.23,2023-02-10,20.4681
2023-02-21,22.87,2023-02-13,19.7867
2023-02-22,22.29,2023-02-14,18.8976
2023-02-23,21.14,2023-02-15,17.6154
2023-02-24,21.67,2023-02-16,18.0518
2023-02-27,20.95,2023-02-17,19.2298
2023-02-28,20.7,2023-02-20,19.5282
2023-03-01,20.58,2023-02-21,20.8943
2023-03-02,19.59,2023-02-22,21.1761
2023-03-03,18.49,2023-02-23,20.2369
2023-03-06,18.61,2023-02-24,21.6716
2023-03-07,19.59,2023-02-27,19.9638
2023-03-08,19.11,2023-02-28,19.5007
2023-03-09,22.61,2023-03-01,20.108
2023-03-10,24.8,2023-03-02,19.6692
2023-03-13,26.52,2023-03-03,18.1167
2023-03-14,23.73,2023-03-06,17.8713
2023-03-15,26.14,2023-03-07,18.4278
2023-03-16,22.99,2023-03-08,18.0586
2023-03-17,25.51,2023-03-09,18.0178
2023-03-20,24.15,2023-03-10,21.1745
2023-03-21,21.38,2023-03-13,25.8606
2023-03-22,22.26,2023-03-14,22.7609
2023-03-23,22.61,2023-03-15,32.0183
2023-03-24,21.74,2023-03-16,26.6513
2023-03-27,20.6,2023-03-17,30.0367
2023-03-28,19.97,2023-03-20,28.432
2023-03-29,19.12,2023-03-21,24.1126
2023-03-30,19.02,2023-03-22,22.246
2023-03-31,18.7,2023-03-23,21.5715
2023-04-03,18.55,2023-03-24,24.8849
2023-04-04,19,2023-03-27,23.0631
2023-04-05,19.08,2023-03-28,22.0865
2023-04-06,18.4,2023-03-29,20.4
2023-04-10,18.97,2023-03-30,19.7826
2023-04-11,19.1,2023-03-31,19.4246
2023-04-12,19.09,2023-04-03,19.0905
2023-04-13,17.8,2023-04-04,19.0203
2023-04-14,17.07,2023-04-05,19.935
2023-04-17,16.95,2023-04-06,19.123
2023-04-18,16.83,2023-04-11,18.8152
2023-04-19,16.46,2023-04-12,18.6254
2023-04-20,17.17,2023-04-13,17.6441
2023-04-21,16.77,2023-04-14,16.4374
2023-04-24,16.89,2023-04-17,17.4568
2023-04-25,18.76,2023-04-18,16.8952
2023-04-26,18.84,2023-04-19,16.9332
2023-04-27,17.03,2023-04-20,17.727
2023-04-28,15.78,2023-04-21,17.0847
2023-05-01,16.08,2023-04-24,17.1568
2023-05-02,17.78,2023-04-25,17.9256
2023-05-03,18.34,2023-04-26,18.7788
2023-05-04,20.09,2023-04-27,18.1786
2023-05-05,17.19,2023-04-28,17.4304
2023-05-08,16.98,2023-05-02,20.5692
2023-05-09,17.71,2023-05-03,19.9433
2023-05-10,16.94,2023-05-04,20.8326
2023-05-11,16.93,2023-05-05,18.2847
2023-05-12,17.03,2023-05-08,18.0706
2023-05-15,17.12,2023-05-09,18.9217
2023-05-16,17.99,2023-05-10,18.6652
2023-05-17,16.87,2023-05-11,18.5578
2023-05-18,16.05,2023-05-12,17.0094
2023-05-19,16.81,2023-05-15,17.1689
2023-05-22,17.21,2023-05-16,16.8808
2023-05-23,18.53,2023-05-17,16.9505
2023-05-24,20.03,2023-05-18,15.6599
2023-05-25,19.14,2023-05-19,15.715
2023-05-26,17.95,2023-05-22,16.3133
2023-05-29,17.46,2023-05-23,17.6691
2023-05-30,17.46,2023-05-24,20.93
2023-05-31,17.94,2023-05-25,19.8595
2023-06-01,15.65,2023-05-26,17.5971
2023-06-02,14.6,2023-05-29,17.868
2023-06-05,14.73,2023-05-30,17.9576
2023-06-06,13.96,2023-05-31,19.9817
2023-06-07,13.94,2023-06-01,17.5469
2023-06-08,13.65,2023-06-02,16.0329
2023-06-09,13.83,2023-06-05,16.1174
2023-06-12,15.01,2023-06-06,15.3988
2023-06-13,14.61,2023-06-07,15.3277
2023-06-14,13.88,2023-06-08,15.0986
2023-06-15,14.5,2023-06-09,14.9894
2023-06-16,13.54,2023-06-12,15.1847
2023-06-19,14.19,2023-06-13,14.7763
2023-06-20,13.88,2023-06-14,14.2258
2023-06-21,13.2,2023-06-15,13.7205
2023-06-22,12.91,2023-06-16,13.0737
2023-06-23,13.44,2023-06-19,14.2158
2023-06-26,14.25,2023-06-20,14.6542
2023-06-27,13.74,2023-06-21,14.3982
2023-06-28,13.43,2023-06-22,14.8578
2023-06-29,13.54,2023-06-23,15.3519
2023-06-30,13.59,2023-06-26,15.8789
2023-07-03,13.57,2023-06-27,15.2039
2023-07-04,13.7,2023-06-28,14.213
2023-07-05,14.18,2023-06-29,14.252
2023-07-06,15.44,2023-06-30,13.6139
2023-07-07,14.83,2023-07-03,13.6529
2023-07-10,15.07,2023-07-04,14.1015
2023-07-11,14.84,2023-07-05,15.2945
2023-07-12,13.54,2023-07-06,19.2277
2023-07-13,13.61,2023-07-07,17.5374
2023-07-14,13.34,2023-07-10,17.5041
2023-07-17,13.48,2023-07-11,16.5671
2023-07-18,13.3,2023-07-12,15.1849
2023-07-19,13.76,2023-07-13,15.0485
2023-07-20,13.99,2023-07-14,14.7973
2023-07-21,13.6,2023-07-17,15.8316
2023-07-24,13.91,2023-07-18,15.506
2023-07-25,13.86,2023-07-19,15.9653
2023-07-26,13.19,2023-07-20,15.6917
2023-07-27,14.41,2023-07-21,14.9422
2023-07-28,13.33,2023-07-24,15.534
2023-07-31,13.63,2023-07-25,15.4793
2023-08-01,13.93,2023-07-26,16.0997
2023-08-02,16.09,2023-07-27,14.9653
2023-08-03,15.92,2023-07-28,15.2189
2023-08-04,17.1,2023-07-31,16.2264
2023-08-07,15.77,2023-08-01,17.1897
2023-08-08,15.99,2023-08-02,19.7059
2023-08-09,15.96,2023-08-03,19.6507
2023-08-10,15.85,2023-08-04,18.3516
2023-08-11,14.84,2023-08-07,18.6231
2023-08-14,14.82,2023-08-08,19.5393
2023-08-15,16.46,2023-08-09,18.9796
2023-08-16,16.78,2023-08-10,18.0764
2023-08-17,17.89,2023-08-11,18.3746
2023-08-18,17.3,2023-08-14,18.0529
2023-08-21,17.13,2023-08-15,18.8579
2023-08-22,16.97,2023-08-16,18.551
2023-08-23,15.98,2023-08-17,20.3539
2023-08-24,17.2,2023-08-18,20.2456
2023-08-25,15.68,2023-08-21,19.8367
2023-08-28,15.08,2023-08-22,19.1293
2023-08-29,14.45,2023-08-23,18.4996
2023-08-30,13.88,2023-08-24,18.9039
2023-08-31,13.57,2023-08-25,18.4734
2023-09-01,13.09,2023-08-28,17.8175
2023-09-04,13.82,2023-08-29,16.7835
2023-09-05,14.01,2023-08-30,16.5618
2023-09-06,14.45,2023-08-31,16.0638
2023-09-07,14.4,2023-09-01,15.9449
2023-09-08,13.84,2023-09-04,16.6633
2023-09-11,13.8,2023-09-05,16.3544
2023-09-12,14.23,2023-09-06,16.8029
2023-09-13,13.48,2023-09-07,16.9887
2023-09-14,12.82,2023-09-08,16.1885
2023-09-15,13.79,2023-09-11,16.2321
2023-09-18,14,2023-09-12,16.5155
2023-09-19,14.11,2023-09-13,16.5042
2023-09-20,15.14,2023-09-14,14.7497
2023-09-21,17.54,2023-09-15,14.7262
2023-09-22,17.2,2023-09-18,16.1549
2023-09-25,16.9,2023-09-19,16.3475
2023-09-26,18.94,2023-09-20,15.4074
2023-09-27,18.22,2023-09-21,17.1196
2023-09-28,17.34,2023-09-22,16.9607
2023-09-29,17.52,2023-09-25,19.0808
2023-10-02,17.61,2023-09-26,19.7747
2023-10-03,19.78,2023-09-27,19.5114
2023-10-04,18.58,2023-09-28,18.8228
2023-10-05,18.49,2023-09-29,17.4704
2023-10-06,17.45,2023-10-02,18.9158
2023-10-09,17.7,2023-10-03,20.1991
2023-10-10,17.03,2023-10-04,20.2158
2023-10-11,16.09,2023-10-05,19.656
2023-10-12,16.69,2023-10-06,18.6464
2023-10-13,19.32,2023-10-09,20.2398
2023-10-16,17.21,2023-10-10,18.6124
2023-10-17,17.88,2023-10-11,17.7664
2023-10-18,19.22,2023-10-12,17.1634
2023-10-19,21.4,2023-10-13,20.1795
2023-10-20,21.71,2023-10-16,19.9156
2023-10-23,20.37,2023-10-17,19.8746
2023-10-24,18.97,2023-10-18,21.6373
2023-10-25,20.19,2023-10-19,22.3032
2023-10-26,20.68,2023-10-20,23.3334
2023-10-27,21.27,2023-10-23,21.9351
2023-10-30,19.75,2023-10-24,20.988
2023-10-31,18.14,2023-10-25,20.5753
2023-11-01,16.87,2023-10-26,21.5031
2023-11-02,15.66,2023-10-27,20.7887
2023-11-03,14.91,2023-10-30,20.949
2023-11-06,14.89,2023-10-31,19.7076
2023-11-07,14.81,2023-11-01,18.6508
2023-11-08,14.45,2023-11-02,17.7337
2023-11-09,15.29,2023-11-03,16.8411
2023-11-10,14.17,2023-11-06,16.8258
2023-11-13,14.76,2023-11-07,16.6816
2023-11-14,14.16,2023-11-08,16.0477
2023-11-15,14.18,2023-11-09,15.7657
2023-11-16,14.32,2023-11-10,16.0383
2023-11-17,13.8,2023-11-13,15.8653
2023-11-20,13.41,2023-11-14,15.0266
2023-11-21,13.35,2023-11-15,14.8085
2023-11-22,12.85,2023-11-16,14.6829
2023-11-23,12.8,2023-11-17,13.8479
2023-11-24,12.46,2023-11-20,14.0106
2023-11-27,12.69,2023-11-21,14.065
2023-11-28,12.69,2023-11-22,13.4844
2023-11-29,12.98,2023-11-23,13.6417
2023-11-30,12.92,2023-11-24,13.3953
2023-12-01,12.63,2023-11-27,14.0274
2023-12-04,13.08,2023-11-28,14.1716
2023-12-05,12.85,2023-11-29,14.1975
2023-12-06,12.97,2023-11-30,13.815
2023-12-07,13.06,2023-12-01,13.5043
2023-12-08,12.35,2023-12-04,14.1209
2023-12-11,12.63,2023-12-05,13.9983
2023-12-12,12.07,2023-12-06,14.0777
2023-12-13,12.19,2023-12-07,14.2078
2023-12-14,12.48,2023-12-08,13.7018
2023-12-15,12.28,2023-12-11,13.7103
2023-12-18,12.56,2023-12-12,13.205
2023-12-19,12.53,2023-12-13,13.4963
2023-12-20,13.67,2023-12-14,12.4532
2023-12-21,13.65,2023-12-15,12.1242
2023-12-22,13.03,2023-12-18,12.9116
2023-12-26,12.99,2023-12-19,12.8278
2023-12-27,12.43,2023-12-20,12.7353
2023-12-28,12.47,2023-12-21,13.5946
2023-12-29,12.45,2023-12-22,13.5645
2024-01-02,13.2,2023-12-27,13.4324
2024-01-03,14.04,2023-12-28,13.5156
2024-01-04,14.13,2023-12-29,13.5747
2024-01-05,13.35,2024-01-02,14.4914
2024-01-08,13.08,2024-01-03,15.4904
2024-01-09,12.76,2024-01-04,14.3099
2024-01-10,12.69,2024-01-05,14.1189
2024-01-11,12.44,2024-01-08,14.0017
2024-01-12,12.7,2024-01-09,13.6966
2024-01-15,13.25,2024-01-10,13.392
2024-01-16,13.84,2024-01-11,13.9196
2024-01-17,14.79,2024-01-12,13.4234
2024-01-18,14.13,2024-01-15,14.1101
2024-01-19,13.3,2024-01-16,14.1507
2024-01-22,13.19,2024-01-17,15.082
2024-01-23,12.55,2024-01-18,14.5083
2024-01-24,13.14,2024-01-19,14.172
2024-01-25,13.45,2024-01-22,13.8453
2024-01-26,13.26,2024-01-23,13.5791
2024-01-29,13.6,2024-01-24,13.4592
2024-01-30,13.31,2024-01-25,13.5755
2024-01-31,14.35,2024-01-26,13.6074
2024-02-01,13.88,2024-01-29,14.0569
2024-02-02,13.85,2024-01-30,14.1062
2024-02-05,13.67,2024-01-31,14.8188
2024-02-06,13.06,2024-02-01,14.8059
2024-02-07,12.83,2024-02-02,14.0448
2024-02-08,12.79,2024-02-05,14.1586
2024-02-09,12.93,2024-02-06,13.6148
2024-02-12,13.93,2024-02-07,13.6403
2024-02-13,15.85,2024-02-08,13.7628
2024-02-14,14.38,2024-02-09,13.9901
2024-02-15,14.01,2024-02-12,14.3637
2024-02-16,14.24,2024-02-13,15.0271
2024-02-19,14.71,2024-02-14,14.4442
2024-02-20,15.42,2024-02-15,14.3226
2024-02-21,15.34,2024-02-16,13.7871
2024-02-22,14.54,2024-02-19,14.0778
2024-02-23,13.75,2024-02-20,14.2001
2024-02-26,13.74,2024-02-21,14.5517
2024-02-27,13.43,2024-02-22,13.8143
2024-02-28,13.84,2024-02-23,13.6956
2024-02-29,13.4,2024-02-26,13.4373
2024-03-01,13.11,2024-02-27,13.3586
2024-03-04,13.49,2024-02-28,13.8643
2024-03-05,14.46,2024-02-29,13.7832
2024-03-06,14.5,2024-03-01,13.7842
2024-03-07,14.44,2024-03-04,13.7474
2024-03-08,14.74,2024-03-05,14.6918
2024-03-11,15.22,2024-03-06,14.1614
2024-03-12,13.84,2024-03-07,13.9026
2024-03-13,13.75,2024-03-08,13.7211
2024-03-14,14.4,2024-03-11,14.7303
2024-03-15,14.41,2024-03-12,13.6807
2024-03-18,14.33,2024-03-13,13.1363
2024-03-19,13.82,2024-03-14,13.3153
2024-03-20,13.04,2024-03-15,13.3135
2024-03-21,12.92,2024-03-18,13.4411
2024-03-22,13.06,2024-03-19,13.1173
2024-03-25,13.19,2024-03-20,12.9557
2024-03-26,13.24,2024-03-21,12.1808
2024-03-27,12.78,2024-03-22,12.4209
2024-03-28,13.01,2024-03-25,12.4948
2024-04-01,13.65,2024-03-26,12.4541
2024-04-02,14.61,2024-03-27,12.8635
2024-04-03,14.33,2024-03-28,13.3781
2024-04-04,16.35,2024-04-02,15.1815
2024-04-05,16.03,2024-04-03,14.2498
2024-04-08,15.19,2024-04-04,13.6866
2024-04-09,14.98,2024-04-05,16.1199
2024-04-10,15.8,2024-04-08,15.5231
2024-04-11,14.91,2024-04-09,16.3013
2024-04-12,17.31,2024-04-10,15.9059
2024-04-15,19.23,2024-04-11,16.7012
2024-04-16,18.4,2024-04-12,18.7948
2024-04-17,18.21,2024-04-15,18.5184
2024-04-18,18,2024-04-16,19.6253
2024-04-19,18.71,2024-04-17,18.4714
2024-04-22,16.94,2024-04-18,17.5161
2024-04-23,15.69,2024-04-19,18.1885
2024-04-24,15.97,2024-04-22,17.1142
2024-04-25,15.37,2024-04-23,15.7948
2024-04-26,15.03,2024-04-24,15.6176
2024-04-29,14.67,2024-04-25,16.3578
2024-04-30,15.65,2024-04-26,15.2644
2024-05-01,15.39,2024-04-29,15.1077
2024-05-02,14.68,2024-04-30,15.5652
2024-05-03,13.49,2024-05-02,15.4322
2024-05-06,13.49,2024-05-03,14.4388
2024-05-07,13.23,2024-05-06,14.299
2024-05-08,13,2024-05-07,14.0852
2024-05-09,12.69,2024-05-08,13.7213
2024-05-10,12.55,2024-05-09,13.4636
2024-05-13,13.6,2024-05-10,13.6018
2024-05-14,13.42,2024-05-13,13.924
2024-05-15,12.45,2024-05-14,13.9554
2024-05-16,12.42,2024-05-15,13.0905
2024-05-17,11.99,2024-05-16,12.7936
2024-05-20,12.15,2024-05-17,12.1346
2024-05-21,11.86,2024-05-20,12.442
2024-05-22,12.29,2024-05-21,12.5421
2024-05-23,12.77,2024-05-22,12.7432
2024-05-24,11.93,2024-05-23,12.5152
2024-05-27,12.36,2024-05-24,12.6094
2024-05-28,12.92,2024-05-27,12.8844
2024-05-29,14.28,2024-05-28,13.3141
2024-05-30,14.47,2024-05-29,14.0762
2024-05-31,12.92,2024-05-30,13.9805
2024-06-03,13.11,2024-05-31,14.1384
2024-06-04,13.16,2024-06-03,14.0593
2024-06-05,12.63,2024-06-04,14.7419
2024-06-06,12.58,2024-06-05,13.9334
2024-06-07,12.22,2024-06-06,13.3388
2024-06-10,12.74,2024-06-07,13.2861
2024-06-11,12.85,2024-06-10,14.5074
2024-06-12,12.04,2024-06-11,15.7607
2024-06-13,11.94,2024-06-12,14.7719
2024-06-14,12.66,2024-06-13,16.751
2024-06-17,12.75,2024-06-14,19.8691
2024-06-18,12.3,2024-06-17,19.9107
2024-06-19,12.48,2024-06-18,18.604
2024-06-20,13.28,2024-06-19,18.5209
2024-06-21,13.2,2024-06-20,17.7544
2024-06-24,13.33,2024-06-21,17.6045
2024-06-25,12.84,2024-06-24,17.3846
2024-06-26,12.55,2024-06-25,18.0399
2024-06-27,12.24,2024-06-26,18.98
2024-06-28,12.44,2024-06-27,19.0602
2024-07-01,12.22,2024-06-28,18.2969
2024-07-02,12.03,2024-07-01,15.8952
2024-07-03,12.09,2024-07-02,15.8831
2024-07-04,12.26,2024-07-03,14.8321
2024-07-05,12.48,2024-07-04,14.6177
2024-07-08,12.37,2024-07-05,14.4265
2024-07-09,12.51,2024-07-08,13.2924
2024-07-10,12.85,2024-07-09,14.5967
2024-07-11,12.92,2024-07-10,13.8688
2024-07-12,12.46,2024-07-11,13.4169
2024-07-15,13.12,2024-07-12,13.0602
2024-07-16,13.19,2024-07-15,13.5933
2024-07-17,14.48,2024-07-16,13.865
2024-07-18,15.93,2024-07-17,14.5472
2024-07-19,16.52,2024-07-18,15.7337
2024-07-22,14.91,2024-07-19,16.5217
2024-07-23,14.72,2024-07-22,15.6897
2024-07-24,18.04,2024-07-23,14.8035
2024-07-25,18.46,2024-07-24,16.0622
2024-07-26,16.39,2024-07-25,16.93
2024-07-29,16.6,2024-07-26,16.1458
2024-07-30,17.69,2024-07-29,16.8293
2024-07-31,16.36,2024-07-30,16.5329
2024-08-01,18.59,2024-07-31,15.7434
2024-08-02,23.39,2024-08-01,18.1194
2024-08-05,38.57,2024-08-02,24.519
2024-08-06,27.71,2024-08-05,31.1676
2024-08-07,27.85,2024-08-06,25.0676
2024-08-08,23.79,2024-08-07,20.7485
2024-08-09,20.37,2024-08-08,21.6299
2024-08-12,20.71,2024-08-09,20.4295
2024-08-13,18.12,2024-08-12,19.2927
2024-08-14,16.19,2024-08-13,18.3433
2024-08-15,15.23,2024-08-14,16.7631
2024-08-16,14.8,2024-08-15,15.3092
2024-08-19,14.65,2024-08-16,14.5006
2024-08-20,15.88,2024-08-19,14.9168
2024-08-21,16.27,2024-08-20,15.46
2024-08-22,17.55,2024-08-21,15.4752
2024-08-23,15.86,2024-08-22,16.0105
2024-08-26,16.15,2024-08-23,15.307
2024-08-27,15.43,2024-08-26,15.6627
2024-08-28,17.11,2024-08-27,15.4568
2024-08-29,15.65,2024-08-28,15.5896
2024-08-30,15,2024-08-29,15.2338
2024-09-02,15.55,2024-08-30,15.2695
2024-09-03,20.72,2024-09-02,15.4132
2024-09-04,21.32,2024-09-03,17.3374
2024-09-05,19.9,2024-09-04,19.8665
2024-09-06,22.38,2024-09-05,20.0497
2024-09-09,19.45,2024-09-06,22.5849
2024-09-10,19.08,2024-09-09,20.2294
2024-09-11,17.69,2024-09-10,19.5428
2024-09-12,17.07,2024-09-11,19.5984
2024-09-13,16.56,2024-09-12,17.533
2024-09-16,17.14,2024-09-13,16.0523
2024-09-17,17.61,2024-09-16,17.1151
2024-09-18,18.23,2024-09-17,16.5794
2024-09-19,16.33,2024-09-18,17.0602
2024-09-20,16.15,2024-09-19,15.4193
2024-09-23,15.89,2024-09-20,16.1859
2024-09-24,15.39,2024-09-23,16.3693
2024-09-25,15.41,2024-09-24,16.02
2024-09-26,15.37,2024-09-25,16.2155
2024-09-27,16.96,2024-09-26,16.3795
2024-09-30,16.73,2024-09-27,15.9531
2024-10-01,19.26,2024-09-30,18.0647
2024-10-02,18.9,2024-10-01,21.1034
2024-10-03,20.49,2024-10-02,19.8893
2024-10-04,19.21,2024-10-03,21.2197
2024-10-07,22.64,2024-10-04,20.2537
2024-10-08,21.42,2024-10-07,20.2202
2024-10-09,20.86,2024-10-08,20.2825
2024-10-10,20.93,2024-10-09,19.3657
2024-10-11,20.46,2024-10-10,19.1897
2024-10-14,19.7,2024-10-11,18.4665
2024-10-15,20.64,2024-10-14,17.6747
2024-10-16,19.58,2024-10-15,18.5964
2024-10-17,19.11,2024-10-16,19.2128
2024-10-18,18.03,2024-10-17,18.2664
2024-10-21,18.37,2024-10-18,17.2509
2024-10-22,18.2,2024-10-21,18.8489
2024-10-23,19.24,2024-10-22,18.6169
2024-10-24,19.08,2024-10-23,18.9938
2024-10-25,20.33,2024-10-24,19.1718
2024-10-28,19.8,2024-10-25,18.9165
2024-10-29,19.34,2024-10-28,18.6585
2024-10-30,20.35,2024-10-29,18.9946
2024-10-31,23.16,2024-10-30,19.9312
2024-11-01,21.88,2024-10-31,21.7302
2024-11-04,21.98,2024-11-01,21.094
2024-11-05,20.49,2024-11-04,20.9586
2024-11-06,16.27,2024-11-05,19.8482
2024-11-07,15.2,2024-11-06,18.4866
2024-11-08,14.94,2024-11-07,16.7385
2024-11-11,14.97,2024-11-08,16.7768
2024-11-12,14.71,2024-11-11,16.7866
2024-11-13,14.02,2024-11-12,17.9442
2024-11-14,14.31,2024-11-13,17.6841
2024-11-15,16.14,2024-11-14,17.1048
2024-11-18,15.58,2024-11-15,17.2116
2024-11-19,16.35,2024-11-18,17.7888
2024-11-20,17.16,2024-11-19,19.2251
2024-11-21,16.87,2024-11-20,20.0581
2024-11-22,15.24,2024-11-21,18.952
2024-11-25,14.6,2024-11-22,17.9689
2024-11-26,14.1,2024-11-25,17.2061
2024-11-27,14.1,2024-11-26,17.7285
2024-11-28,13.9,2024-11-27,18.298
2024-11-29,13.51,2024-11-28,17.5996
2024-12-02,13.34,2024-11-29,16.9607
,,2024-12-02,17.1832
