,size_1,size_1,size_1,size_1,size_1,size_2,size_2,size_2,size_2,size_2,size_3,size_3,size_3,size_3,size_3,size_4,size_4,size_4,size_4,size_4,size_5,size_5,size_5,size_5,size_5
,bm_1,bm_2,bm_3,bm_4,bm_5,bm_1,bm_2,bm_3,bm_4,bm_5,bm_1,bm_2,bm_3,bm_4,bm_5,bm_1,bm_2,bm_3,bm_4,bm_5,bm_1,bm_2,bm_3,bm_4,bm_5
date,,,,,,,,,,,,,,,,,,,,,,,,,
2016-01-31,-0.10595801254417511,-0.040636889014926306,-0.07970105591548787,-0.06468871689648281,-0.00896449151522154,-0.07286315701177662,-0.05335227445297248,0.00372846004470024,-0.055377787253952995,-0.04308356573880244,0.05005958843761592,-0.011408971565258233,-0.011535307580253286,-0.0374932708693779,-0.054716009305416244,0.03635426390578043,-0.043274644555201136,-0.018338480218485224,-0.03247259172377416,-0.05852580002904908,0.012519888920029879,0.009934185215291857,0.006813551773772862,-0.06647768962720259,-0.023255340196375086
2016-02-29,-0.012706657851223482,0.05122167028689982,0.03197761271328059,0.026058543544842605,-0.0011380084235752975,-0.07062601349154957,-0.006682241561095344,0.033086333487456106,0.0306959960452807,0.010982035697262027,-0.06862978681297528,0.0025363698961861922,0.014299491965041157,-0.017825047965496343,0.025213020884806144,-0.06306571319936424,-0.021358163659876493,0.014931995364259348,0.005603835563624793,0.04273050779338495,-0.10144830710915415,-0.056142583913916334,0.025255328456791577,0.03135517044402112,0.08809410082986698
2016-03-31,0.11210138756515253,0.13400958225108733,0.09091429890373823,0.08706409837357845,0.14583932876198788,0.022410958371831817,0.10287003924193895,0.09141224923203854,0.040794263256712954,0.07215112929764632,0.07191313543503922,0.03886471958832803,0.05482988405061995,0.04852420112794607,0.0678542875243715,0.0371025172541635,0.04589908390226588,0.05209882670024755,0.03961323631912208,0.06317869450544968,0.01292496108761949,0.024169135723998543,0.006973546134692584,0.06086124361639898,0.04414799818380385
2016-04-30,0.090648187710137,0.0547291999296361,0.060505148874667375,0.0885168573387205,0.06498494409414086,0.05776110892567214,0.05211988044114871,0.031044267858800587,0.04634261549661828,0.0867049380081947,0.06791894577324581,0.056115654841039454,0.06209823307810278,0.04817978250262912,0.04264143791021023,0.06571952201709351,0.048822827447836094,0.026839114787632505,0.03719643185250211,0.03817940799178847,0.011295175995807191,-0.00253271369583543,-0.04581806445224712,-0.018652079008063923,0.026125882355391063
2016-05-31,-0.03379614740394586,0.07517896349791016,0.012575643877220766,-0.014128041223567566,0.01889466321154517,-0.022309311629347198,0.045099452954159264,0.008443176251673913,-0.0024282846031349874,-0.02268581742193846,0.055273519745146764,0.0065969067083149376,0.0047440212464999985,-0.01743072923803756,-0.033072437488971124,0.0021852810102566504,0.013975611964096205,-0.01388393439398508,-0.022309115421235388,-0.0612823692368681,0.02557557941181364,0.0011309956105114514,-0.020861154988785463,0.015221872376295277,-0.049296700675887616
2016-06-30,0.021413072382380025,-0.021594912823460717,-0.01775788168614283,0.04616111942520898,-0.049612682182613214,0.00703068151883632,-0.025714118674770352,0.00816302083010272,-0.0031871648285733186,-0.0011764455727116445,-0.0009487901719908119,-0.006268522124302326,-0.010033997937518899,-0.00819897001761709,-0.012994676083416415,0.00632154856086784,0.01036167204961523,-0.014745887280981473,-0.017080361804244267,0.0006422234588708683,-0.005461368907201596,-0.004973223341732418,-0.04000320376063937,0.048989389675361414,-0.03216641657840285
2016-07-31,0.1489371837162798,0.14092615851444049,0.15242618632882177,0.1400859914830794,0.09069575129753588,0.06131595877822492,0.11432960026244335,0.10540578134807456,0.10489201055318054,0.0740050346441353,0.04333472386546659,0.05662204905043226,0.09450823464062905,0.09728188073394611,0.06773347892815632,0.04313915886396502,0.041231468579606696,0.062133868428303006,0.05552629385856522,0.03435507138066886,-0.02515627519424808,-0.027074689936180334,0.05211527472745598,0.06466879908920412,0.04270945844999229
2016-08-31,-0.0834097205894238,-0.07265908175402816,-0.02417623331806193,0.006244671291332064,0.03218777961220059,0.0040237556855750945,-0.05422263069803327,-0.04455940268682583,-0.0074505600231656085,0.003768644824710117,-0.09955814692522325,-0.06293562419654605,-0.06385967517537494,-0.05018865648477351,-0.004603103951383915,-0.09842954004313684,-0.029777982798380242,-0.050836772884981785,-0.035424244359091944,-0.006835357602303256,-0.018384975699351137,-0.02252088566900075,-0.007905527013272205,0.03273908915430969,-0.001169506279251936
2016-09-30,0.0169298527910749,0.03040722010328966,0.05219438118009526,0.1444415657084146,0.10310853909546511,0.0074154699584189215,0.02776097026922058,0.033086306354832666,0.06503518459188024,0.04561301854927323,0.006270703639855201,0.011566016872201644,0.018377657123497156,0.025531575382039165,0.024798058906143127,-0.023702099327867796,-0.017491938218350517,0.02551723391079979,0.007433727850214942,0.007424828627098401,0.011792240515550324,0.005712926248363212,0.009336316467581172,-0.005217109559808419,-0.008363324992271905
2016-10-31,-0.05062500590193494,-0.08471661260364852,-0.08181294357988379,-0.12513176135032994,-0.007759839423267164,-0.10429923758628591,-0.08406549900832706,-0.10474434016941514,-0.07331764172330309,-0.04406291047224196,-0.12227518320983655,-0.08102944284550462,-0.06250392239266286,-0.07911633018372208,-0.05697869148154536,-0.12139210608847908,-0.09316527395957018,-0.058710517531220474,-0.0542616285368864,-0.0574885079108525,-0.09824046325875595,-0.0725233598157312,-0.00025072056954107864,0.003160464309244628,-0.007316056610059102
2016-11-30,-0.09472127326400244,-0.07507770385235787,-0.06541803324053425,-0.0003256865608578874,0.05666726821270185,-0.09385703533068465,-0.09130463327858919,-0.05233017263497208,-0.03476303656268581,-0.002348929417862869,-0.1376493195706066,-0.08420376287924083,-0.03687012433994068,-0.05332075738337709,-0.024232678727496362,-0.10632486846946054,-0.08066279484703999,-0.06442534430944932,-0.042108796471557755,-0.04610804010854135,-0.07285596407684358,-0.055668483176140836,-0.057099587065990116,0.028619872589193476,-0.02660343312632118
2016-12-31,-0.013425624247818794,0.04885121974973913,0.08615778215282544,0.06204096769607678,0.04279460678336017,0.048744583935743685,0.051852979688823714,0.04529718298204034,0.06027996747557103,0.05725808397892452,0.05245760521466497,0.06959596725282746,0.04487214575344006,0.08126731224462627,0.048099335445897125,0.037930763260508815,0.058989945726382415,0.06747487185396012,0.03867483146625238,0.04328963247193533,-0.00106017811496495,0.024607887191513206,-7.992706229639464e-05,0.05979799554721753,0.02898178710883749
2017-01-31,-0.03410282835789863,-0.02996691969055999,0.0014668640085470658,0.041312245546319404,0.010456958120723933,-0.04562282426261731,-0.008649851156141494,-0.0012639440769869163,-0.0144342643559821,0.00014077938542069878,-0.030896617517720066,-0.002865017456202131,0.001118788953266809,-0.0019555147664845184,-0.0010437288516655114,-0.06113760434077107,-0.025003998025435563,-0.0009755535349898689,-0.02035510913006339,-0.013318603535312197,-0.019941207301454596,-0.031071355402439244,0.06867044442640449,-0.023870063329801544,-0.008902727174913284
2017-02-28,-0.045187284650115594,-0.0924753144712064,-0.03520414569404723,-0.046612338529583706,0.007502552388340985,-0.10885904312543651,-0.05649193348800993,-0.025496983801474363,0.012505148001159035,-0.004712072123307045,-0.06149092599735404,-0.012325085958299899,-0.013120368470116122,0.009504269859279452,0.017269224678330586,-0.05519405827966293,0.001150647239970999,0.031750037782590244,0.02252906260456654,0.009884217227869429,0.013860538691594168,0.04198419219930969,-0.031487949232852315,0.028683032704348622,0.03708842902688561
2017-03-31,-0.0078101817889720225,0.01993438270881555,0.027491212539587084,0.008430263995190812,0.01269984272592821,0.045910663370694334,0.04933145219198994,0.03832280041105592,0.022233091272465928,-0.0014560451754387113,0.016385914353538044,0.06277207717201097,0.06743836132969842,0.012375875854888961,-0.004864713345520645,-0.02123298987180966,0.009724245724933085,0.02545560369913253,0.0021216940311513284,-0.010316465168821832,-0.004011957319278424,0.012981680333332699,0.05473218834002463,0.038666819859950075,0.028734623969049987
2017-04-30,0.0099705393400811,-0.04024749626291198,-0.03923886127980058,-0.020945903388822504,0.01939883730714264,-0.017757844823718644,-0.0036464643128080888,-0.02477415213851907,0.0077218316786536265,0.025506922801617832,-0.0024229328717354573,0.015714957114908897,0.017173458953325983,-4.818381541625647e-05,-0.00039084931948919375,0.04969970166529182,0.09288693811616396,0.04940492544375917,0.002176678635509719,0.018163764641983004,0.025898319767623742,0.01515939536321017,0.05021680434891779,-0.011962139877293276,-0.020567719193235915
2017-05-31,0.035378813343377224,0.028233362326009273,0.014013594278311938,-0.010041565724189627,0.03290772254292137,0.055863465821866506,0.03090851467751591,0.01867244919633696,0.011419922991423165,0.036320417107975775,0.008628523914155748,0.06678443160933474,0.027879699686774742,0.03730737636523312,0.03283877933013475,0.029422584816605597,0.0965187148117851,0.0400523497565648,0.05578891122635131,0.056538221313829365,0.08697486305992237,0.07960993475566946,0.025735745281582737,0.09239804142530203,0.09436844233963144
2017-06-30,0.0010012660179589562,-0.004674650912440159,0.02397315820483119,0.018107642420558196,-0.007866889851706561,0.029645887393778336,0.013696910478816084,0.01822769154373392,0.013397531677655703,-0.0045532170370093045,0.026368339579501278,0.04276268509403096,0.004442214384847893,0.017079836409585825,-0.006385674294711551,0.014300064781083506,-9.855994556768125e-05,0.009282843060433392,0.008779319514434869,0.015214832062095042,-0.026088194980867382,0.0220210774397636,0.04741736389854346,0.00023826652980785904,-0.005360740896830522
2017-07-31,-0.03919962049349656,-0.032725716635526134,-0.05682949147959415,-0.04538332654954681,-0.040888866303992424,-0.06738347226668931,-0.052475171655311036,-0.04300270895380752,-0.030231268032689836,-0.03180428864983023,-0.06650636793853204,-0.06598822339482914,-0.04855580279934153,-0.005011028489284157,-0.019205085708270613,-0.04226311371714867,-0.03671761878828155,-0.03172503836014041,-0.048106222606016186,-0.02593007837890793,-0.03487263598691471,-0.030285708944910582,0.013749792602063608,-0.0048354744866906,0.001007594465354748
2017-08-31,0.016293000834791297,0.00748566661744794,-0.00048232259318228485,-0.014383027547853457,0.009217306070811568,-0.0109681696681885,-0.005139706079422764,0.007470652518218846,0.007783621950575017,-0.015976669767984147,-0.002649910614660151,0.0077859420233093515,0.014390645725710355,-0.023418067272000263,0.011807023485103608,0.02124539788602039,0.024353420507283362,0.030708168611880304,-0.019841590483195684,-0.01630762858241325,0.005821870148789361,-0.016364260655852517,-0.03112160001220416,0.009020469373652877,-0.008800713468870559
2017-09-30,-0.09550924264650895,-0.046848205847263444,-0.03909794324777658,-0.05598470558443479,-0.07622384754514554,-0.10876945384565792,-0.05255237021895534,-0.06754577180688344,-0.031638107005483584,-0.04097550396563222,-0.050756701840722396,-0.057204853496668526,-0.06493622745256082,-0.06773840804887392,-0.043840674298544206,-0.05153386209323767,-0.02684031974692665,-0.042050918483246255,-0.06733077454656573,-0.05919715643482503,-0.017546746187808587,0.027184797402516264,0.07929031677537522,0.03338915708768125,-0.03162925847544926
2017-10-31,0.028849109198051295,0.02386698907314052,0.014488111501401658,0.0061929249576202034,0.000957524702313025,0.05381910064821984,0.02150286244190243,0.0041178689092835775,0.016927490636414723,0.005541550662122378,0.047733785317570554,0.02376729154933127,-0.01511273758106151,0.019388530573690436,-0.0020967158885615636,0.08368202972724267,0.04069451797378102,0.01891387113091629,0.03506131904888842,0.02150890744507664,0.13309865524701986,0.06508226463004671,0.05863789983313014,0.01813796022489162,0.042852605155117685
2017-11-30,0.08715589201407165,0.03760896707298434,0.11042749509006253,0.03065865891046793,0.05458612858829875,0.07872640362183382,0.09169810273396972,0.03698873500609191,0.03441037074931548,0.02336525861891656,0.05762610137821857,0.07105979445481664,0.05132855301417308,0.03481469247707018,0.01611309995882848,0.17411550464867898,0.05195067771132858,0.06746405164393054,0.037274175847005375,0.018766133409414677,0.03511265076507495,0.026132136263717784,-0.04415227576228908,0.0018375117455903401,0.01400851660335694
2017-12-31,0.11393922901235363,0.011993100786944353,-0.04029692046763769,-0.015003033653519758,0.005334533670017166,0.009081850589084856,-0.056309167230020024,0.013876757261499327,-0.015177489755584306,-0.029600733693009598,-0.019327268338569188,0.007481142080126171,-0.01575304447684099,-0.038551322580950585,0.0010571234029503867,0.001906823247722761,0.0007937681860926016,-0.02633209982152748,-0.025843293127023416,-0.04500458032813902,0.019097563483510462,-0.0012940627750535408,-0.03691825093916828,-0.023848084640524438,-0.004768522411536447
2018-01-31,0.20831087997703288,0.14348170485886236,0.157965927599958,0.12708581519857512,0.10140943696798294,0.21657927933937887,0.1805416474933945,0.13479292336835982,0.1258843838722839,0.0984962061533175,0.2220943170151463,0.10624366993804368,0.11285136594406836,0.1130874688775248,0.05699614576595116,0.15388584420850207,0.13015458822780399,0.08770390500053005,0.09492467015072614,0.08813712834622463,0.07969830652981663,0.027187321967885158,0.004337335665259449,0.05026507660170307,0.06923640670631148
2018-02-28,0.01678204591770053,-0.047281998429717274,-0.014246551848769624,0.017657942281399244,0.022734891100492823,-0.060905575901976094,0.002847725604166799,-0.04468308295720727,-0.0029187103208569154,-0.013887107929618357,-0.10175379898110203,-0.038682612741003104,-0.02092111236646511,-0.028064084024138795,-0.022919953406609208,-0.06062854167289007,-0.0767247281682209,-0.06647119409760319,-0.04432098516831449,-0.03874014319694477,-0.05616589098247724,-0.056448221474005696,-0.0707364594897203,-0.06401923610110591,-0.04711853680080049
2018-03-31,-0.01742467188321789,0.058104163077084436,0.022923236715033084,0.04972862401310561,0.018728930854676536,0.0336482465459824,0.0006080635734712087,0.0422423419930142,0.07229619484236424,0.05510064520455529,0.10592594659323508,0.004349995234666252,0.08569759946359815,-0.0004945926998226316,-0.013708711890205883,0.0808309464441213,0.02124312189044203,-0.016523312853485014,-0.033215354516026585,-0.015925993124298345,0.031043180984880087,0.029855908386049786,0.037578590088196036,-0.02155620222361171,-0.04730697633292509
2018-04-30,0.02078172963114948,0.08586327532764368,0.14368538056656566,0.0754683356884717,0.0918399933027535,0.033766127359854015,0.02081118245441265,0.055063143119643665,0.08389038917434483,0.12037691623133767,0.04673603893824669,0.043068092209492995,0.0711120402160307,0.05708721396214007,0.05400115953800463,0.03882467498261609,0.006994892893320899,0.00968844652496306,0.07152699057636959,0.0844369674494999,-0.03207643848156522,-0.009511253945015733,0.003162885234179969,-0.006731911652797888,0.09279752196129584
2018-05-31,-0.04462324461328996,0.03802169382529588,0.004027636236022717,0.001816930165419878,0.1053671426395589,-0.07888916731129357,-0.029619060063073948,0.0028675166123276214,0.024047144025127875,0.032805455292025006,-0.0646480878803505,-0.009913906969825435,0.024506892737824904,-0.0006546127879347649,0.03978002415579829,-0.021824608474770323,-0.039984174307048856,0.03883006737664363,-0.0019745587041153996,0.0509294220883464,-0.03234227215318082,0.007942158891550793,-0.03890361706283049,-0.046501411417501304,-0.05763189065363738
2018-06-30,-0.00806010060716263,-0.046721169297401936,-0.0451679685834637,-0.05805006654311754,-0.08467395898353261,-0.10549576089646354,-0.07109914151325365,-0.12858664996340408,-0.09751452189929266,-0.11197993581430335,-0.09016056418847435,-0.10652972727784095,-0.11023065367517465,-0.08936005545874315,-0.08804957175373945,-0.07188146186426325,-0.10113634012814021,-0.07805973140984225,-0.09195076085046693,-0.11211995122475615,-0.0012730110078696885,-0.042809749885022494,-0.07573403799001413,-0.08037296376070094,-0.07388679972882242
2018-07-31,-0.01699396252140768,-0.02837652429060601,-0.011362053015813264,-0.02632629940398423,-0.048903182913080774,-0.02076026558415297,-0.015220542020102958,-0.019379302540869715,-0.02707245130843112,-0.05134002333476662,-0.013295349062385598,-0.009833918141477233,-0.01734891072894188,-0.03349194127336792,-0.03229745185814266,-0.02433010899415613,-0.016635174589861,-0.02521725655864337,-0.03192521765682992,-0.042356634432688056,-0.09084453602586007,0.019260125726227696,-0.0031642077442416475,0.0006325654010759206,-0.002075928651680563
2018-08-31,-0.009018406001721728,0.03469594885581548,0.05082686644026683,0.054772746607870224,0.046638448485830666,0.021064646558168688,0.028087682427825528,0.02844450676338254,0.014623646945158924,0.06210209615702662,0.032931717833293656,0.022100786720524866,0.01367187093476232,0.013575133524563786,0.025554436798327668,0.05449476063842934,0.05049086345195232,0.00902237243882923,0.02618252275194169,0.026597331568366366,0.0545306226437375,0.020568382523668983,0.022565844032537166,-0.0011514895760458112,-0.0184396449226373
2018-09-30,0.019676188006314793,-0.005481315735515536,0.013669253119214006,0.019378214273933724,0.005562080615683318,0.02349882472920036,0.0004007500234878055,0.042843691747440876,0.011549478363176999,0.05050243406115235,-0.006315748017177216,0.0030501398061115667,0.025931293756612996,0.011041126392175,0.025115873049014827,0.044553234722296796,-0.00538665771275507,0.01595722750612416,0.007270180104346101,0.027582913370833143,0.05165806375863915,0.0005928994830420222,-0.007618775312859164,0.028047753030041908,0.023920011414793472
2018-10-31,-0.1547073238829183,-0.2025524348734841,-0.2070481779213376,-0.2103862594151454,-0.21232439010667276,-0.26405487199725325,-0.2414042533281784,-0.18098652424858375,-0.19432307234842228,-0.17831114934703718,-0.24697779959747984,-0.24647995768198705,-0.20547829466808357,-0.2188724182320927,-0.18362401639386308,-0.2741733534409228,-0.2064108884774712,-0.205434069556842,-0.18813733273977065,-0.16913159219656743,-0.22870668342951245,-0.12372975110987565,-0.10084647067840151,-0.12105800846807792,-0.14601445974192745
2018-11-30,0.05279508184199801,0.16756893656858882,0.12970893624895558,0.12480806895826634,0.11756352354147223,0.15861364711735448,0.12156093711023475,0.1424124249588804,0.12039789430067656,0.1136983171561323,0.11393008298955516,0.13286812682254756,0.11268577534032509,0.10286656455522933,0.09861304637799502,0.09296374730895238,0.08281960633045729,0.09294163269326346,0.07368596559855085,0.08616531862407276,0.09429995681145946,0.05571872809554688,0.0336733083632626,0.06499295635313138,0.061090277580489925
2018-12-31,-0.10258312848533485,-0.03120938104620211,-0.03477579245126319,0.040848864876498144,0.032447197717639875,-0.08681625261162812,-0.03953724546822366,-0.0030740030372173877,0.04193992554591825,-0.010074261640161005,-0.05818731932396776,-0.04284670883905832,-0.006002807417656408,-0.016968181994362865,0.0039615650248922985,-0.0734346817107674,-0.08076747129166233,-0.039521540323016816,-0.02402281592332569,0.001673024644507348,-0.016642138406183445,-0.023833264451255044,-0.08417368796067494,-0.026325153603788974,0.032575250930942524
2019-01-31,0.09176029147566649,0.14078922354519102,0.1456459546852928,0.13375948679308353,0.11839413457148425,0.04150126671492911,0.1354581019342053,0.12327611390535029,0.1123156273980877,0.11229860281121105,0.07345913351297609,0.1171565460732775,0.1261390039461547,0.08061191690205188,0.1011776387251426,0.08610569595201531,0.09530556720976979,0.11990981406245191,0.07875559016435453,0.08464680437351138,0.01971796059582088,0.02624171182980443,0.09682784869785419,0.12964558133538662,0.08132036388112711
2019-02-28,-0.09871765277200711,-0.009810497039652075,0.024080023311136234,-0.009255381872229018,0.002849202988800363,-0.04579209909962771,-0.015517499086137795,-0.03212943945986709,-0.019060648392196185,-0.016782870932283138,-0.04759150164368564,-0.04378119534537715,-0.007998464266043963,0.017218511066968256,0.004651005788052057,-0.0010036177173515285,0.012135714972901479,0.005225301238114034,-0.0032191695776904268,0.018587491449276555,0.022800353658462853,0.04410447558392541,-0.01188322317378445,0.0015002956708073246,0.01070902429427455
2019-03-31,0.05709176511523766,0.03718759423031438,0.021081206472660804,-0.004213473091708798,-0.0081238327024566,0.036882977833985996,0.01691114454224302,-0.006369149454963791,0.020666694467536627,-0.0200995432831986,0.013480305412947372,0.009265154554684454,-0.00548629967511069,-0.0031464974522178333,0.001498997316917803,-0.0015191134309663246,0.032101700122479086,0.0047321394086983415,-0.011791582271948466,-0.0005113729475629625,-0.03443461603328099,-0.023010378601964077,-0.010967993639487545,-0.01521004557123744,-0.06009655528372713
2019-04-30,0.09029352797821658,0.12389125875579592,0.07561876639371974,0.07545812303110654,0.0559336665103221,1.9640012838585685e-06,0.030663786661232505,0.05500212622545818,0.03872228615894108,0.04901628515174616,0.036359979622664323,0.03693996704514932,0.060907191936225305,0.039188213692478824,0.08184758170750388,0.05876217690711735,0.04661434530652436,0.050504158231634934,0.056396970062451104,0.04654646873426756,0.018746168546781385,0.02140030709501883,0.03629080836728745,0.011855288816563149,0.05391956989007212
2019-05-31,-0.03196271884033315,-0.041390858408747316,-0.033593460789066394,-0.07880034494797422,-0.04820254079671841,-0.06329416498199794,-0.02186798202367318,-0.07174669050056515,-0.05471823446881975,-0.028053103450671118,-0.019463528655182798,-0.01641174616532532,-0.02736860369673312,-0.06857164383231697,-0.04284586598260229,-0.08264987741221527,-0.03586297332692997,-0.07243846527931279,-0.03916445516073379,-0.0756132079313086,-0.10137657740729905,-0.06922624197553594,-0.10585928497697726,-0.06818638517575458,-0.08515141788163468
2019-06-30,0.0015537303386669457,0.06016786416568609,0.040806945429644206,0.024581781561230455,0.0867854144548241,-0.006705889604816465,-0.009964527913438898,0.06896771698401966,0.03750113711686177,0.03700073413384583,0.035121226475737115,0.025079263205215384,0.024854645486006282,0.025120023509774922,0.06519377062549357,-0.01804843398912583,0.009663110866991467,0.02787629488400119,0.029884152160262554,0.039839601312069,-0.0037773861019783413,0.005343251202440018,0.050962307406460294,0.06943307941239843,0.035028848103543564
2019-07-31,-0.04284104230177727,-0.06624861379700513,-0.10116945318104106,-0.04924715596426227,-0.02780732477624133,-0.10898176280186792,-0.10412702072397334,-0.11788421168612853,-0.0828948438422162,-0.09622958290408763,-0.12161579026714982,-0.10928520309683847,-0.11964194094554947,-0.10423820287956455,-0.09222174068037381,-0.12073893912449973,-0.11079999459870664,-0.09201321524244346,-0.09846787818900815,-0.09453631496067998,-0.06407128944261595,-0.06077589638608939,0.001103805097451286,-0.04847940305271881,-0.05471101126295622
2019-08-31,-0.021834285069742103,-0.0446916642920358,-0.008016939369639469,0.018519697224044816,0.0013343529719475654,-0.03073423562260482,-0.012733499700678195,0.006607367693257027,0.03767392207497234,-0.0024548525877211686,-0.03004010819527747,0.010422197736522486,0.01327129463400485,-0.008847762179887454,0.023260040358315744,-0.02067355420391029,-0.0063814266265110366,-0.01365111207723399,-0.0033848342606593845,-0.0221672904846551,-0.032486804263869164,0.009660032960585254,-0.019300786461562955,-0.05140174408223836,-0.031397407996539034
2019-09-30,-0.034996831588926275,0.03880272625934737,0.07463888040562561,0.03529459463451061,0.02209323847770768,-0.012109419663900157,0.03877330774594809,0.045920855129165015,0.05742627872130876,0.03335890673420149,0.019557055022727577,0.019851815475413568,0.004299324838929773,0.03454579898832563,0.029905585203404462,-0.015463596175310436,0.03281107444933433,0.045687929605819494,0.0345389743452318,0.015769324304591253,0.027881315888577125,0.02063137837926437,0.028629551983162894,0.0843645344574019,0.03403525692365771
2019-10-31,0.06422726431824388,0.03130586628956666,0.04600112981775078,-0.01715319696869057,-0.027294532466990325,0.0004526719912414309,0.023213707789634535,-0.02316117363213298,-0.014269775034189146,-0.030342969343882812,0.032082381614054876,-0.0006987086545442375,0.030821843393795307,0.005642440821019581,0.010046279668764823,0.025460383959847194,0.05660635883546408,0.042680671593517225,-0.021256344010654286,-0.02657331227117653,0.1000604603311446,0.01699786156450373,-0.0004396941737011542,0.017746133949408358,-0.05454553343596434
2019-11-30,0.054217254672150605,0.014196861779385242,0.02472559774800782,0.0021264898067437444,0.014327979460257908,-0.007212317717093904,-0.0008075481154958923,-0.00797185498403422,0.017772856886362386,-0.0076099040060725095,-0.0277736515733365,-0.02556867532748643,0.011610951820222731,-0.003238141713731805,-0.014141890400452899,-0.017734716356065557,-0.04273817965691024,-0.02818144337193621,-0.02699674268244063,-0.028476830869820245,-0.018435031412216286,-0.0056798442587333185,-0.027016862354649687,-0.007895411256241356,0.017171478239076523
2019-12-31,-0.018792822845458242,0.016569385648896023,0.014306243941201377,0.06664621449020512,0.03623339293386955,-0.02319968800798714,0.03388766380570582,0.03431777627861106,0.03261097859229156,0.024834840887593725,-0.0014947566118014254,0.032476661085363095,0.038194985510953613,0.049080614660652014,0.020496946158381015,0.060472634757085704,0.0420877463737885,0.06541548245665664,0.041250817851190336,0.01646866896658905,0.0514664020810612,0.03846448442213511,0.08284852284377531,0.07848680553021596,0.019146332966908004
2020-01-31,-0.024853690502240768,-0.03262491539779905,-0.00286455909249367,0.009656894663770954,-0.01685873013391578,-0.027373571638874324,0.032611809988798986,-0.03475343007950921,-0.025294740099575747,-0.027154220723292058,0.006593435104643058,8.86723440326944e-05,-0.01928007353798805,-0.05091755190976128,-0.05962543504380786,-0.07554705282823279,-0.03777439787751547,-0.056823464788178554,-0.04586796793831435,-0.060775852646309886,-0.027113823124801473,-0.04866860523086056,0.008200741453446255,-0.08092199894137375,-0.0805191460078356
2020-02-29,-0.17005839756464988,-0.0868168128565939,-0.11619855021104131,-0.08438065582844786,-0.08177439821758212,-0.12820102490429153,-0.14598083223889002,-0.14642688597655368,-0.11763276989609985,-0.06885524734475458,-0.09528985345276932,-0.1390524570373206,-0.1116842751577692,-0.1234610386158412,-0.08937977838311416,-0.093737929618531,-0.10283078566274667,-0.128022741293865,-0.09916306214160679,-0.10618667272037555,-0.05498476756084664,-0.08894052071195702,-0.06960866963181897,-0.10038130669794594,-0.12556413226962124
2020-03-31,-0.10660742268230164,-0.06779769863121841,-0.13546172925684533,-0.18440970063993178,-0.23012767649212118,0.07010828355096958,-0.1595365665560071,-0.09190777844862133,-0.14481542860761565,-0.20621911930078216,-0.11749073330107293,-0.12137020879836558,-0.14715491139266015,-0.1567674967654916,-0.1674349341078154,-0.043100183087102964,-0.09717210999105177,-0.09685926755616855,-0.1629695892727377,-0.16705464705884204,0.022164705242557523,-0.11353888419291397,-0.11764132757791369,-0.17447408434067585,-0.18622617136670175
2020-04-30,0.29170016885769656,0.2685531066058421,0.30156871388728257,0.32110405739138714,0.28786564002537807,0.24283831003642897,0.3437432728791634,0.32910371489348267,0.3400964820089427,0.3132718973065944,0.30266692375215287,0.31317876006716117,0.3188374186677766,0.31147070732559373,0.2979704590736111,0.24586488955188834,0.24779695709685287,0.2808260589492258,0.31460052515451864,0.2757045204561295,0.18859844087432315,0.16484756423542551,0.06378653105008224,0.1726337080943356,0.1962311555438997
2020-05-31,0.09853760598214978,0.10127632769574912,0.091032665100298,0.0665698816746153,0.061667428560138564,0.12737700619072895,0.14680502848975707,0.09533767286940997,0.14471652424468412,0.07458357382763957,0.10239286370554795,0.08711078060148741,0.10162431388092978,0.0537869096047371,0.07309132035793695,0.09994023021250159,0.09975220860605236,0.0743742033095611,0.03466881778007732,0.06845976908558934,0.1018944592337443,0.04383836661093461,0.024903371000442508,0.07091516096782224,0.005421622549194143
2020-06-30,0.13047662420334033,-0.06549608170157564,-0.01186357571950264,-0.013142426548213067,-0.007420848618682233,-0.02533520622924804,0.009370018127855225,-0.01061560040719198,-0.0205788961037407,0.009948538524123234,0.09388192254828429,-0.045574960681977944,-0.01571192802934938,-0.0008445281535332883,-0.02386436140490795,-0.001121321419315988,0.061848600975635,0.01720492486914428,-0.0015791686042456454,-0.008071936120473095,0.12112603946869585,-0.02387415440390099,0.0436190490828021,0.050583713381696184,-0.03389028882699923
2020-07-31,0.08439101085518862,0.08351132440305668,0.10688276694559068,0.1437994843886877,0.09900106945594915,0.14774229070570755,0.08030645235670256,0.08206845007115768,0.11846602227863201,0.08425510602195262,0.09112705008857297,0.12261695544923283,0.10266501837059813,0.1074511586015893,0.1239232420392883,0.11020238578850433,0.11774114988735435,0.10521308540082043,0.08366429147419743,0.06395619107804493,0.039906479152091404,0.13395390044237362,0.08458873608228015,0.003880148829285421,0.10982640555551874
2020-08-31,-0.00176807093325969,0.09256704190683096,0.027867380174006095,0.06575676845456016,0.058900301785869885,-0.007889203752690914,0.0654812566066819,0.04982388212080467,0.0028135047957156952,0.029828895634979025,0.03869881071315369,0.03007530252190717,0.04783152435079313,0.08071349897918045,0.0425001876786194,0.026760090966259933,0.009452827347836795,0.03259813614552881,0.055235084068033735,0.021852946638501278,0.05156576641877751,0.05642533667340472,-0.00862159427211375,0.06309862252980848,0.10541757004312136
2020-09-30,0.09159121774839837,0.09601946955300669,0.06536093378987809,0.029641094330678682,0.07496051921146771,0.09178608192136123,0.08057264741929188,0.06109291180885734,0.045220654829376886,0.09663096801670742,0.019530439657267536,0.03818027647537104,0.06445577895617344,0.05926607314126579,0.02053535191994956,0.0012414809218750248,0.00998952335920696,0.014843160863033191,0.037547715131195404,0.02137564374816295,-0.0705407804696668,-0.00410040063064024,0.021383351912676724,-0.03907524009854034,0.02655269702657654
2020-10-31,-0.03775053418615276,-0.01633926495889535,-0.018227458287962604,0.013259560023615261,0.013142314347856052,-0.026904698344815268,-0.04875690781721126,-0.023557627502842474,-0.004121200131482165,0.04032399457369415,-0.07786971926316416,-0.06491852084503058,-0.034011648856989714,-0.034136733951377604,-0.02090003698805059,-0.0740002647396036,-0.07366902592109759,-0.052747172157906606,-0.03487091703994215,0.008840971379490723,-0.05190826733535714,-0.07413875335763123,-0.03217301278880989,-0.030229226573985024,0.007466865234727793
2020-11-30,0.1843048397432539,0.08714984532336391,0.14102078154310996,0.12038714445933935,0.1605437541031079,0.05109210812913863,0.1433890242553384,0.13587463199839425,0.10602238054389257,0.1180920469071271,0.10169606652395001,0.0793102143227237,0.19506579820813558,0.11025262151321233,0.09849556434272773,0.1208745398238646,0.10302278805848741,0.1108459581036763,0.14156195584234288,0.10905220248376313,0.13694268403803214,0.11696664051700786,0.17917621287082514,0.09670299785504122,0.11609066463328606
2020-12-31,-0.00011878527884628606,0.058918046784445094,0.014842006284181551,0.08094752335286065,0.048702393781378285,0.1042552202037217,0.029822503639031127,-0.007779577375081153,0.03330277742720863,0.06274924648549551,0.024201425942949422,0.04019950756461426,0.055984201276863564,0.0435889283743446,0.07129123938763318,0.07596781395373836,0.035008331058827946,0.04125436197076408,0.01874426771937933,0.04427610808795775,0.09638259358832757,0.07625849947883423,0.17202947356056847,0.11712721473995198,0.08327894556379346
2021-01-31,0.11870014823917174,0.06071437180397424,0.04408526009953465,0.09206239845424384,0.0742939911538712,0.0014409496134917595,0.04247874636505902,0.046860270261342714,0.08576526780570026,0.03617707843862957,-0.06937016270035026,0.012804158061378332,0.017940574109675103,0.013409452816263007,0.05367684610346581,-0.02682025021551581,3.6558248084732348e-06,-0.01584059071472188,0.02370598111544423,0.03383311699569793,-0.010532530871019238,0.11617328362409858,0.06286387426029347,0.0959863469370566,0.06623743120471826
2021-02-28,-0.06650746004925603,-0.0048782253335285155,-0.04911047605346773,-0.03503486494790106,0.003358660498819245,-0.1170142159514098,-0.0665195475869823,-0.05193172388017529,-0.017849797812369103,-0.0029907025844403898,-0.08754817743667498,-0.08096608238481554,-0.03602662095685361,-0.011441522149092137,-0.011755837232726366,-0.06003871792078358,-0.0684849444407917,-0.032092195547117175,-0.010130753224705392,-0.010521713888035654,-0.04676661069213517,-0.0909602681793199,-0.03434293832213736,-0.08076563311322653,-0.026442414286145563
2021-03-31,0.029442726035285943,0.0689248894977245,0.08986127026943969,0.1400516143715212,0.14260406245689008,0.07697305096262178,0.07536989404266568,0.0941142017792179,0.012662880576571993,0.11552976726571049,0.029755925766315132,0.04815695345398866,0.09031049418964998,0.11965631062686793,0.08768566209560336,-0.013819329164183502,0.04020746324838192,0.06216443168638857,0.06750310606115753,0.1071741928741553,0.02037298999486354,0.007543118597275441,-0.0121034572996325,0.0396713467193805,0.035156329900056
2021-04-30,0.06148387900285388,0.15230370070712457,0.05696743319523512,0.12336415219716665,0.14900129214624214,0.01883518898074112,0.0037125153308664536,0.07142916835497418,0.07016333012899756,0.11908387034587718,0.1514435235519671,0.05896625880864252,0.04038339046143081,0.08397909608061649,0.11617154490738815,0.09322226659357088,0.052945195048850105,0.030547978062495304,0.11510016870633845,0.09292340839144848,-0.007333439940609714,0.02715241621494398,0.00031361632413302344,0.03466293399890953,0.039282133135467565
2021-05-31,0.032481074053178134,0.03053938863703131,0.06964742284342554,0.08932222324243118,0.06833919072695538,-0.03712513160723234,0.028583540827634268,0.03272423938212514,0.01516161484715665,0.02862233192295902,-0.07985049792450788,-0.007731741772643391,0.014863769147583887,0.018622754650724563,0.05439065162911556,-0.01911184435672436,-0.01144190346668007,0.011061642316023525,0.02484455589648301,0.05637915111654032,0.028372388131882573,-0.026617243268336976,-0.0006166843223046563,0.03297189278946615,0.0511877298077943
2021-06-30,-0.0019004691585021542,0.06252481921660938,0.09695761724725868,0.0986397310119757,0.12302152511089319,0.04858488844118547,0.03551540622666412,0.06930389569269849,0.1152108736774895,0.06829673332293298,0.04984121009305578,0.06271564961360475,0.08304505750703886,0.04345981956362809,0.06968247985185219,0.056095516866718424,0.052754382763959606,0.045855222823457394,0.0422836436669668,0.05433039679848179,0.07860224007695153,0.026467579058487813,0.021820629925594973,0.018648011960260166,0.01030397290386787
2021-07-31,-0.010442093737254526,0.05617039624149683,-0.02898851812299133,-0.00041697835864697164,-0.03126207619824684,0.015355075219768682,-0.012685122288625996,-0.011817120007175191,-0.03714600432764471,-0.042340110113408894,0.009968924733874358,-0.026395404673673413,-0.01836322583192686,-0.03293085397901251,-0.04002148969662749,-0.005360108976838617,0.014170242717722117,-0.035774678209412186,-0.020867848729673392,-0.011063403632723888,-0.018130499909232906,0.0008315072304829222,-0.04137256446829713,-0.04004370190358729,-0.03159765409404214
2021-08-31,-0.0440587472436061,-0.04867816401444553,-0.04316414902975403,-0.043233917786495685,-0.020800212117336295,-0.03967442706157952,-0.040989042967467915,-0.06202179959586602,-0.03990268494920488,-0.043562644878041346,-0.017949508693770308,-0.030424164814303864,-0.018038406332844023,-0.08476123942026051,-0.04697545446579676,0.024903662904063466,0.011173457331520718,-0.0212651903605182,-0.02075176571931444,-0.004877287160736636,0.0483833542904237,-0.011840386280725134,-0.029324841417370802,-0.008859966020300198,-0.02918981146897499
2021-09-30,-0.030116524093307392,-0.044230686461138896,-0.045711721504512935,0.007866225978889172,0.02035203834303933,-0.0585838888567844,-0.029658803580633927,-0.010636098167927512,0.007587802746637992,0.03236066566960177,-0.01615917898777509,-0.030392588496541043,-0.05852100966386155,-0.004147744908150587,0.00510503483799056,-0.009716494550795159,-0.025655402577575467,-0.018138907398001673,-0.0016528781245285073,-0.024568797681801348,-0.07246630365615289,-0.0397905147936778,-0.007671942330721633,0.010520414027238238,-0.03431631566765746
2021-10-31,-0.009590107133931604,-0.002910858985755449,0.0054584843642297085,0.0362161786631393,-0.020177597545335935,-0.039427243534106524,-0.003199752255047557,0.022864758105400913,0.01480750126873999,-0.043473625329514834,-0.06536303731101771,0.0009380378825407029,-0.027249155280247014,0.026401723287333107,-0.007044323473233653,-0.07724076298356483,-0.04393243789715612,0.040653222943409756,-0.006286143859230186,-0.001324789356888686,-0.04839535315726619,0.027757571720923777,-0.035393128154986575,-0.030087816430221338,-0.048251075203088675
2021-11-30,-0.09834172361017167,-0.12889259798510072,-0.07331860372117366,-0.12088691904928708,-0.1226890249793494,-0.06846702341429975,-0.09958582312853309,-0.1154455887279651,-0.12323365387327773,-0.12927146991693572,-0.08533597200060859,-0.0882746750016248,-0.07464121989747315,-0.08056320298858288,-0.12499613938552472,-0.08967559011630398,-0.08890522217452664,-0.06344096939993431,-0.08362955872522397,-0.09671717117749082,-0.011787083140702353,-0.07107296685230281,0.0144436705421727,-0.10625729415667673,-0.10492909907319295
2021-12-31,0.1539493320004933,0.13994143142637033,0.17339008919489995,0.10438926207613557,0.0934097485297713,0.14866961224030442,0.14182543135418213,0.10461210883237629,0.12141758392866642,0.10534767412440754,0.07058145051869022,0.10314421113032803,0.11693870251860916,0.12699195471215086,0.10367986691652514,0.09753392764076306,0.13828625597531488,0.08566205621499785,0.1154835912524196,0.05723129860708845,0.010057096574150038,0.00783811102672749,0.09722059328955969,0.07830623597553527,0.07628804580182555
2022-01-31,-0.13192523406770915,-0.08000108370571704,-0.06388280210074596,-0.06978508980084415,-0.040505011405527896,-0.10335420020741318,-0.09411789140439493,-0.06804844814626043,-0.0733585704450258,-0.08725123556905852,-0.11466543524765732,-0.08808735907883665,-0.09013716230686931,-0.09797756583703363,-0.06216408322680998,-0.12786494463134412,-0.0878383336746765,-0.1329547731433827,-0.07219444808432837,-0.07745413168169767,-0.21964996625506233,-0.11766759025006396,-0.08348225057499543,-0.08814727509203316,-0.10560223773354505
2022-02-28,-0.006119444863088756,0.01881427599178317,0.029840929915930244,0.05565947028797012,0.04049365609531163,-0.020338285123878735,-0.0021849122364006905,0.021582753909584675,0.03046473330439918,0.040774953369473704,-0.02004184334155982,0.0036064022777003678,0.02457270991650359,0.07834736126065579,0.0503419397729237,0.01914566173704358,0.011598751589715389,0.055175814769127196,0.017724378473561946,0.041143743670716465,0.03883064510245361,-0.008964667566846286,-0.00045620220091567316,0.019078874539209537,0.02034127550972505
2022-03-31,0.06519616227238292,0.07265918211760852,0.09090322858854258,0.10567810691845511,0.06854886009813939,0.08900525225299513,0.10042664577798165,0.06427637219600968,0.07697511426064858,0.08181504005502886,0.07354561254293054,0.08232012944236602,0.09133147560811355,0.07279239885848637,0.07630024263263868,0.07682810174928104,0.04322704756221747,0.06514335310298382,0.07472156018270071,0.04466458478841535,0.06338228873395535,0.04942567820038814,-0.02337507551973427,0.021887809654641648,0.0275092026647879
2022-04-30,-0.0733391062998951,-0.01630944649763094,-0.018435535056033507,0.0746423539765271,0.0782118411374994,-0.06218091837970114,-0.02165626811571699,0.0003199705717962457,0.019534711796126952,0.05346829276550059,-0.0791554601949845,-0.010187936716184016,0.020999267487730747,0.025436324494635693,0.04400731088876646,-0.07235593373287087,-0.024003458255517873,-0.013352299877801638,0.01741161342865055,0.0417062326396232,-0.03699705610006576,-0.012901850770403088,-0.036998495565973816,0.04764860289942559,0.00034495657147169223
2022-05-31,-0.03746621656349598,-0.025316331524083857,-0.045287204269325504,-0.02871565204708053,-0.01165919405315698,-0.03155187833897563,-0.030372426293774686,-0.03203099043115848,-0.016508602716570942,-0.03948067882371936,0.01491376247012174,-0.041583993710157446,-0.03947374226902666,-0.06288750783811467,-0.03567333845735841,-0.007539795980986072,-0.021908836136080738,-0.04878060124194583,-0.03680194003423113,-0.038724158469195864,-0.011475876173624586,-0.02600656128974272,0.0038524234214439867,-0.005651003339107017,0.009614697702472912
2022-06-30,-0.16731739410452043,-0.1944833606050006,-0.17824110319366532,-0.15778288356553405,-0.13025446449603334,-0.15473082527661464,-0.198621022259584,-0.14525978681977264,-0.15792523889562737,-0.15469313923912614,-0.19621223812607963,-0.18412850167474448,-0.18907269629750936,-0.17175307272313567,-0.14518692889181353,-0.20750255703366416,-0.16524862359539966,-0.15852819600357204,-0.15745436841780028,-0.14157605750596225,-0.1269249883671678,-0.11846927924472367,-0.14528149419668496,-0.09177652124374226,-0.08855324954006921
2022-07-31,0.05515030097097903,0.06108602426755688,0.07859813006476052,0.05818877109491303,0.05739393700123403,0.07436567313146142,0.07141108777099377,0.06527369478629091,0.03723058328405974,0.0314352046485179,0.06858838049636767,0.046879938169674756,0.05458327600200899,0.04874987850108663,0.013610469028791662,0.08530421334065971,0.05535999861450234,0.03527682931287901,0.03842843787853975,0.017393037057681256,0.045472846997558186,0.021924712766885325,0.04100441750906054,0.012145619464595088,0.02931263166189449
2022-08-31,-0.01016495756012385,-0.025060942978500506,0.004912811164222599,0.007693649350707979,0.01914555571100249,-0.022283829977372743,-0.0004956448138463444,-0.01641253832147386,0.0005328624954222408,0.02419358571414061,0.014080607050103321,0.03236939478020762,-0.014470611928959723,0.009338965023209227,0.07155909934331336,0.015083553849897038,0.0033716612161006423,0.00017256821885564683,0.001135334031997363,0.014414853978131414,0.0005457225631152803,-0.020755194906823864,-0.013045120414346042,0.03342377031432506,0.015184085563429733
2022-09-30,-0.1558748556279491,-0.1642758246565893,-0.15361391183556833,-0.178237555834711,-0.07705346995920768,-0.17766422287296474,-0.18936905573805854,-0.18346424956246238,-0.17071546691329675,-0.10874309155048248,-0.1935694214532789,-0.17075458054569598,-0.16998805219991406,-0.1185573497126638,-0.12021454397698403,-0.17452720736969146,-0.15348185673668407,-0.1465144168056512,-0.16217454932966513,-0.14124378740066976,-0.15206732511863372,-0.13826170882927866,-0.11332094151988276,-0.13196535335492282,-0.12141478598023481
2022-10-31,-0.03342938515996542,0.019255173357336796,0.04417440536643128,0.04077541963471486,0.05318465065181977,0.016765349241167467,0.01118574620880362,0.01312950103920155,0.027727374556005546,0.05329226084272871,0.008123942280220748,-0.006610616224259422,0.040270430193819054,0.04237984985993154,0.03450004435845213,-0.02959390266745972,0.05867721648329962,0.025552146083564063,0.01100732998198208,0.0023949234703115104,0.0445011307932108,0.0430066835935488,0.08668817409642855,0.04402902176352126,0.016234414358592658
2022-11-30,0.01706087078898081,0.09480664429704208,0.06937590237992465,0.07650456431675047,0.13442918278092142,0.06956469132597623,0.11896141454420843,0.06959875318976641,0.10454397807797075,0.12917766375610307,0.07583763306015202,0.09366972263178094,0.1091240394299959,0.06694946970326801,0.12098725842789937,0.05681890873661203,0.0767937657175291,0.07725068851042502,0.12737399779251696,0.09978921399702431,0.06255959972929268,0.07862740102166413,0.08376862024402133,0.06946481290863431,0.0784284015355613
2022-12-31,-0.05328608949937255,-0.08078096288393002,-0.07677039354528886,-0.09265817442250973,-0.08003637858151225,-0.03150268329445052,-0.07189716630619229,-0.05226992794635581,-0.05733051422499341,-0.08419560200357165,-0.08340216803838438,-0.032315075955400833,-0.05619356706096708,-0.08032479697170647,-0.06685782836499207,-0.06463692891445397,-0.09970076380619003,-0.0706135258435258,-0.04992083958117387,-0.052785066567564896,-0.07189491982404804,-0.05547107727428405,-0.09441102184368912,-0.08096692035331812,-0.05972922581462143
2023-01-31,0.050835858018753136,0.13255750316121948,0.11045527661638703,0.11425054710600978,0.07966126656748494,0.11887335077304956,0.07567731827692781,0.09006802269990778,0.10640641449779856,0.0798354808059297,0.08914943381524333,0.09214528826738118,0.11425376023379431,0.07463886251608545,0.0481696182273102,0.09035646665779268,0.08461920193365122,0.06530485811857004,0.0878816143887903,0.044954621163610264,0.08252562322123495,0.07392259202116358,0.09357493625130488,0.08949576995228464,0.04892965376603671
2023-02-28,0.04153559627738221,0.006760676486896412,0.02195972511645845,0.03280495873457199,-0.005114328341633159,0.06255523076239257,0.011802886722374631,-0.007576471449795677,0.016377026125929478,0.031147725328982103,0.04351606509126553,0.024747500295763027,0.015476289196534277,0.002394876355556492,0.02216323286005918,0.07419144867982604,0.006618115978068597,0.015066047009436315,0.022017819540400364,0.007399887445038063,0.0193636577913339,-0.003814854250771268,-0.05080191823803541,-0.008345349857617987,-0.026292818957598177
2023-03-31,0.1703998938564381,0.07133838101901269,-0.006089512852004793,-0.028063436931264358,-0.04266289172739048,0.003620216831386946,0.03070919075714091,0.036915562313060785,-0.0020407456679387937,-0.007976223264010313,0.09822097521148648,0.001971415174327781,-0.0034052582844987574,0.01315843768265596,0.007038329915897087,0.1757606260214431,0.02822697454304679,0.039562943833393135,0.010983436541390515,0.004446926226816186,0.0794108728042674,0.03784629321966784,0.03823853904907309,0.014608590455220576,0.018065657930911947
2023-04-30,0.043481715068174,-0.023284257020816882,0.0560460595971187,0.01686685834700731,0.02304430948438417,0.007996682193535427,0.018780139121582537,0.02061964204823611,-0.01932527152059732,0.054595353908805426,-0.022680856482962388,-0.0035303945157923664,-0.030773861023713142,-0.0045476773684645835,0.04350093885535958,-0.05703514846912601,-0.012455553447777932,-0.025322170961740352,-0.02642218699238226,0.034783356413366454,0.04144861402387895,0.022912440935407775,0.02172061157043958,0.02785962105452657,0.034983570713375836
2023-05-31,-0.008972281584220528,0.07613143531737405,0.0717859622589112,0.04762550780266836,0.046793115712123724,0.031105845530577582,0.01269812079970084,0.0565643028307663,0.04634177043766942,0.046294976330433286,0.009965737744302428,0.04118446839856908,0.05891384807594577,0.03636790127137485,0.025177678060637518,-0.03619040162994671,0.03979461833092787,0.01914012480836326,0.030492794026777056,0.01637618960958702,0.011684777457457416,-0.008506050455751002,0.05236754673598793,0.07673638557055151,-0.008792093350029903
2023-06-30,-0.04693729626374704,0.024169277782049258,0.0007377705148954201,0.024516810986548825,0.003304081336609495,0.055169637700242816,0.011898663033656467,0.004317765352014724,0.015913598960562842,0.028263382341329836,-0.00239927666520723,0.02865560443967979,0.016288783625338726,0.016550946173604517,0.015833743654475894,0.025824511796853133,0.026418162713157348,0.012661459485517928,0.02655029157966528,0.009533871359458402,-0.025465625208377033,0.009470785478430374,-0.013576290422532465,0.009550879237906158,0.008906364848910706
2023-07-31,-0.08413809478836518,-0.08207491388124832,-0.06103362229433025,-0.05920127879304792,-0.08834901417281785,-0.01930533030876664,-0.04890992041576585,-0.07002329713386402,-0.06978266011266449,-0.06493490437285158,-0.06895813955825304,-0.024921769536017466,-0.05156332013587171,-0.054529173865098944,-0.05328621941666467,0.005912021741920842,-0.02887904505937449,-0.01881251200024516,-0.021161400159918492,-0.017296135731358346,0.08581014611528531,0.07500637822215693,-0.010218604620793718,0.039489782460267964,0.06585954600025426
2023-08-31,0.03308571530939579,0.015230695492191953,0.019815162825366158,0.019243497942701603,0.008459936994244075,0.05278162943681351,0.02838054981771596,0.010632240140861244,0.023329088096095685,0.006857977818119971,0.016853586672188725,0.008938028742649718,0.021505126575852965,0.03489818480511374,0.01220414926523647,0.03879214366773637,0.03159763693266939,0.06289178618824862,-0.005084466767484647,-0.015557945225433481,-0.06195925057868144,-0.007082364778769812,-0.03962710381882233,-0.03407964173112005,-0.04004076850138408
2023-09-30,-0.03901617261376002,-0.06568353731992983,-0.0005186851172469947,-0.05546482913750752,-0.031864134337033466,-0.05553628750566604,-0.02102268759312675,-0.038952263970047835,0.007059627764768106,-0.047006888677292955,-0.04273645757305295,-0.05479756418956969,-0.02706823097023188,-0.0710686924791683,-0.015376507707696677,-0.03868850365105287,-0.04390329847246696,-0.02430036456955633,-0.030040462541410018,-0.03869737786239689,-0.10022820088461831,-0.06400260191904393,-0.007378478674843184,-0.005250788195630198,0.0034904901968641215
2023-10-31,-0.11592273836763528,-0.07481210158868122,-0.0661914741543837,-0.05913688726572547,-0.058819800042860984,-0.13039266680076908,-0.11982945231984884,-0.07215843921989913,-0.08646935653231144,-0.056181431914541724,-0.14501897784117856,-0.12512734418829535,-0.09805603739296381,-0.06153115421321961,-0.04847410844410026,-0.15419864974907868,-0.09524699929046929,-0.0980872150525968,-0.07259842845026962,-0.061720318000463355,-0.14569116071928917,-0.14274718621337595,-0.03440700641694627,-0.0590478251100698,-0.11419694136705627
2023-11-30,0.02334776944534122,0.08323945336187559,0.07946957639846984,0.0766776737712456,0.028404131685871914,0.04149686869622394,0.0850073000563591,0.04527494118876476,0.05679318031043383,0.0615240120426902,0.028124153825289263,0.026426122923286617,0.04662943338558066,0.04925494039908297,0.030378700631470437,0.12433802062346179,0.07316284335556807,0.06587202142224302,0.073341782095938,0.06864985700778434,0.10937978528516426,0.11264614480484121,0.09469479175604241,0.08179237925228577,0.08068114865638955
2023-12-31,0.022948518260608772,0.057316279342736566,0.05101402800746449,0.04443106625195414,0.0010021779815540624,0.032052449553892935,-0.010443999266575174,0.02713911550544921,-0.0008266235146796625,-0.0068881007247172735,0.05247912248437311,0.04637674038614798,0.0311000909013818,0.030014006694534683,6.155430561104614e-05,0.04761238559548563,0.059585838106741285,0.07312559694064538,0.043368400292598565,0.0051460714828603215,0.05910131437349726,0.026681405782964743,0.06867145741214507,0.019440411267605498,0.05443134575277577
