date,mktrf,smb,hml,rf,year,month,umd,dateff
19260701,0.029600,-0.023000,-0.028700,0.00220,1926,7,,19260731
19260801,0.026400,-0.014000,0.041900,0.00250,1926,8,,19260831
19260901,0.003600,-0.013200,0.000100,0.00230,1926,9,,19260930
19261001,-0.032400,0.000400,0.005100,0.00320,1926,10,,19261030
19261101,0.025300,-0.002000,-0.003500,0.00310,1926,11,,19261130
19261201,0.026200,-0.000400,-0.000200,0.00280,1926,12,,19261231
19270101,-0.000600,-0.005600,0.048300,0.00250,1927,1,0.004400,19270131
19270201,0.041800,-0.001000,0.031700,0.00260,1927,2,-0.013200,19270228
19270301,0.001300,-0.016000,-0.026700,0.00300,1927,3,0.035900,19270331
19270401,0.004600,0.004300,0.006000,0.00250,1927,4,0.041700,19270430
19270501,0.054400,0.014100,0.049300,0.00300,1927,5,0.029600,19270531
19270601,-0.023400,0.004700,-0.015300,0.00260,1927,6,0.005300,19270630
19270701,0.072600,-0.032300,-0.011600,0.00300,1927,7,0.042900,19270730
19270801,0.019700,-0.007200,-0.036900,0.00280,1927,8,0.011400,19270831
19270901,0.047600,-0.035700,-0.007100,0.00210,1927,9,0.018900,19270930
19271001,-0.043100,0.021300,-0.043300,0.00250,1927,10,-0.010800,19271031
19271101,0.065800,0.027600,-0.003100,0.00210,1927,11,-0.006700,19271130
19271201,0.020900,0.009300,-0.010600,0.00220,1927,12,0.031500,19271231
19280101,-0.006800,0.042500,-0.007200,0.00250,1928,1,-0.006000,19280131
19280201,-0.017000,-0.020300,-0.006900,0.00330,1928,2,-0.010900,19280229
19280301,0.088100,-0.002600,-0.012000,0.00290,1928,3,0.048700,19280331
19280401,0.042300,0.038200,0.036700,0.00220,1928,4,-0.056500,19280430
19280501,0.015200,0.029800,-0.034600,0.00320,1928,5,0.028500,19280531
19280601,-0.048500,-0.035000,-0.000600,0.00310,1928,6,0.020500,19280630
19280701,0.006200,-0.013500,-0.004700,0.00320,1928,7,0.028200,19280731
19280801,0.066800,-0.020700,-0.021100,0.00320,1928,8,0.036900,19280831
19280901,0.028800,0.023300,0.009900,0.00270,1928,9,0.036400,19280929
19281001,0.013300,0.022700,-0.022600,0.00410,1928,10,0.050500,19281031
19281101,0.118100,-0.018100,0.028000,0.00380,1928,11,0.021200,19281130
19281201,0.003600,-0.008500,-0.006000,0.00060,1928,12,0.017800,19281231
19290101,0.046600,-0.035400,-0.012100,0.00340,1929,1,0.024300,19290131
19290201,-0.003400,-0.003900,0.016800,0.00360,1929,2,0.030800,19290228
19290301,-0.008900,-0.047400,0.016100,0.00340,1929,3,-0.007000,19290328
19290401,0.014300,-0.010000,0.006000,0.00360,1929,4,0.018900,19290430
19290501,-0.063900,-0.053500,-0.014000,0.00440,1929,5,-0.020400,19290531
19290601,0.097000,-0.021700,-0.027600,0.00520,1929,6,0.087900,19290629
19290701,0.044600,-0.038800,0.026600,0.00330,1929,7,0.029500,19290731
19290801,0.081800,-0.095200,0.000600,0.00400,1929,8,0.046700,19290830
19290901,-0.054700,0.011700,-0.006300,0.00350,1929,9,0.030400,19290930
19291001,-0.201200,-0.040800,0.078500,0.00460,1929,10,0.040900,19291031
19291101,-0.127400,-0.019000,0.053300,0.00370,1929,11,-0.020200,19291127
19291201,0.013300,-0.043300,-0.005900,0.00370,1929,12,0.051500,19291231
19300101,0.056100,0.035400,-0.010100,0.00140,1930,1,-0.050400,19300131
19300201,0.025000,0.001300,0.003900,0.00300,1930,2,0.006200,19300228
19300301,0.071000,0.034300,0.001500,0.00350,1930,3,-0.042700,19300331
19300401,-0.020600,-0.002000,-0.008400,0.00210,1930,4,0.039800,19300430
19300501,-0.016600,-0.020400,-0.006300,0.00260,1930,5,-0.000100,19300529
19300601,-0.162700,-0.032400,0.020000,0.00270,1930,6,0.066100,19300630
19300701,0.041200,-0.003700,-0.015600,0.00200,1930,7,-0.021100,19300731
19300801,0.003000,-0.022200,-0.007800,0.00090,1930,8,0.039200,19300829
19300901,-0.127500,-0.022200,-0.052700,0.00220,1930,9,0.115100,19300930
19301001,-0.087800,-0.001000,-0.013500,0.00090,1930,10,0.068900,19301031
19301101,-0.030400,0.022100,-0.035300,0.00130,1930,11,-0.011800,19301129
19301201,-0.078300,-0.046700,-0.054000,0.00140,1930,12,0.132700,19301231
19310101,0.062400,0.037700,0.071600,0.00150,1931,1,-0.108200,19310131
19310201,0.108800,0.033800,0.016100,0.00040,1931,2,-0.143700,19310228
19310301,-0.064300,0.030700,-0.036600,0.00130,1931,3,0.094600,19310331
19310401,-0.099800,-0.046200,-0.039400,0.00080,1931,4,0.115900,19310430
19310501,-0.132400,0.051700,-0.065800,0.00090,1931,5,0.091000,19310529
19310601,0.139000,-0.053800,0.113100,0.00080,1931,6,-0.178100,19310630
19310701,-0.066200,0.014300,-0.021000,0.00060,1931,7,0.080800,19310731
19310801,0.004100,-0.019700,-0.014900,0.00030,1931,8,-0.035200,19310831
19310901,-0.291300,0.005600,-0.067500,0.00030,1931,9,0.102300,19310930
19311001,0.080400,-0.018700,0.017000,0.00100,1931,10,0.032000,19311031
19311101,-0.090800,0.043000,-0.050500,0.00170,1931,11,0.076900,19311130
19311201,-0.135300,-0.005600,-0.088600,0.00120,1931,12,0.142200,19311231
19320101,-0.015800,0.039400,0.090400,0.00230,1932,1,-0.103700,19320130
19320201,0.054600,-0.027700,-0.014500,0.00230,1932,2,0.016200,19320229
19320301,-0.112100,0.022700,-0.023200,0.00160,1932,3,0.103300,19320331
19320401,-0.179600,0.014400,0.014200,0.00110,1932,4,0.069500,19320430
19320501,-0.205100,0.039100,-0.029900,0.00060,1932,5,0.122000,19320531
19320601,-0.007000,0.003400,0.053000,0.00020,1932,6,0.021000,19320630
19320701,0.338400,-0.044400,0.354600,0.00030,1932,7,-0.439400,19320730
19320801,0.370600,0.142900,0.330300,0.00030,1932,8,-0.522700,19320831
19320901,-0.029400,-0.024400,-0.068200,0.00030,1932,9,0.024400,19320930
19321001,-0.131700,-0.027600,-0.100500,0.00020,1932,10,0.042900,19321031
19321101,-0.058800,0.020800,-0.132800,0.00020,1932,11,-0.020700,19321130
19321201,0.044000,-0.082700,-0.081700,0.00010,1932,12,0.052600,19321231
19330101,0.012500,0.006900,0.062300,0.00010,1933,1,-0.015000,19330131
19330201,-0.152400,-0.027500,-0.027300,-0.00030,1933,2,0.041700,19330228
19330301,0.032900,0.039000,0.073800,0.00040,1933,3,0.022100,19330331
19330401,0.388500,0.045600,0.174300,0.00100,1933,4,-0.159500,19330429
19330501,0.214300,0.367000,0.190300,0.00040,1933,5,-0.039100,19330531
19330601,0.131100,0.085600,-0.020500,0.00020,1933,6,0.033800,19330630
19330701,-0.096300,-0.010100,0.032700,0.00020,1933,7,0.003900,19330731
19330801,0.120500,-0.054500,0.029600,0.00030,1933,8,0.075500,19330831
19330901,-0.106500,-0.003200,-0.117700,0.00020,1933,9,0.016500,19330930
19331001,-0.083600,-0.000800,-0.084600,0.00010,1933,10,-0.024000,19331031
19331101,0.099700,-0.064800,0.023300,0.00020,1933,11,0.064300,19331129
19331201,0.018300,0.006600,-0.015300,0.00020,1933,12,0.040600,19331230
19340101,0.126000,0.125300,0.155400,0.00050,1934,1,-0.033700,19340131
19340201,-0.025000,0.051900,0.021200,0.00020,1934,2,-0.003500,19340228
19340301,0.000900,0.025100,-0.027300,0.00020,1934,3,-0.006900,19340331
19340401,-0.017900,0.028000,-0.037500,0.00010,1934,4,-0.051200,19340430
19340501,-0.072500,-0.002600,-0.059100,0.00010,1934,5,-0.027000,19340531
19340601,0.026400,-0.021400,-0.029200,0.00010,1934,6,-0.009000,19340630
19340701,-0.109600,-0.069200,-0.106400,0.00010,1934,7,0.086300,19340731
19340801,0.055800,0.053900,0.004500,0.00010,1934,8,0.024100,19340831
19340901,-0.002300,-0.015000,-0.012200,0.00010,1934,9,0.000300,19340929
19341001,-0.016600,0.012500,-0.051100,0.00010,1934,10,0.070400,19341031
19341101,0.083300,0.065000,-0.022400,0.00010,1934,11,0.041400,19341130
19341201,0.003600,0.030600,-0.032000,0.00010,1934,12,0.046600,19341231
19350101,-0.034500,0.011000,-0.018600,0.00010,1935,1,0.036100,19350131
19350201,-0.019400,0.004100,-0.072700,0.00020,1935,2,0.138500,19350228
19350301,-0.036800,-0.035700,-0.051000,0.00010,1935,3,0.028600,19350330
19350401,0.090600,-0.015100,0.043500,0.00010,1935,4,-0.047200,19350430
19350501,0.034700,-0.033800,0.025600,0.00010,1935,5,-0.036200,19350531
19350601,0.059300,-0.025100,-0.016500,0.00010,1935,6,0.020600,19350629
19350701,0.075100,0.014700,0.068600,0.00010,1935,7,-0.042100,19350731
19350801,0.026500,0.062800,0.057000,0.00010,1935,8,-0.076900,19350831
19350901,0.026300,0.015700,-0.040500,0.00010,1935,9,0.089300,19350930
19351001,0.070300,0.026400,-0.023300,0.00010,1935,10,0.020900,19351031
19351101,0.048800,0.042800,0.119100,0.00020,1935,11,-0.059100,19351130
19351201,0.045600,0.002300,0.010700,0.00010,1935,12,0.037500,19351231
19360101,0.068900,0.051400,0.105100,0.00010,1936,1,-0.033600,19360131
19360201,0.024900,0.011400,0.050400,0.00010,1936,2,0.025100,19360229
19360301,0.009900,0.006500,-0.016600,0.00020,1936,3,0.017900,19360331
19360401,-0.081400,-0.060400,-0.020800,0.00020,1936,4,-0.078800,19360430
19360501,0.051900,0.008300,0.026300,0.00020,1936,5,0.024400,19360529
19360601,0.024000,-0.032600,-0.012000,0.00030,1936,6,0.004600,19360630
19360701,0.066700,0.011400,0.025600,0.00010,1936,7,0.030000,19360731
19360801,0.009900,0.007200,0.039900,0.00020,1936,8,0.005600,19360831
19360901,0.009800,0.030700,0.008800,0.00010,1936,9,0.012600,19360930
19361001,0.071200,-0.023900,0.025200,0.00020,1936,10,0.010400,19361031
19361101,0.032700,0.090100,-0.009200,0.00010,1936,11,0.021800,19361130
19361201,0.002100,0.036100,0.039600,0.00000,1936,12,0.021100,19361231
19370101,0.033500,0.043100,0.026100,0.00010,1937,1,-0.018500,19370130
19370201,0.010900,0.012300,0.050500,0.00020,1937,2,0.029800,19370227
19370301,-0.002700,-0.017800,0.063900,0.00010,1937,3,0.028100,19370331
19370401,-0.073600,-0.037700,-0.036100,0.00030,1937,4,-0.037100,19370430
19370501,-0.008300,-0.006600,-0.034900,0.00060,1937,5,0.005100,19370528
19370601,-0.042100,-0.036500,-0.032100,0.00030,1937,6,0.006800,19370630
19370701,0.089100,0.008500,0.008200,0.00030,1937,7,-0.004000,19370731
19370801,-0.048600,0.004200,-0.022500,0.00020,1937,8,-0.017900,19370831
19370901,-0.136100,-0.068900,-0.045700,0.00040,1937,9,-0.071400,19370930
19371001,-0.096100,0.004500,-0.016200,0.00020,1937,10,-0.015600,19371030
19371101,-0.083100,-0.036500,0.002000,0.00020,1937,11,-0.009700,19371130
19371201,-0.042400,-0.077600,-0.003900,0.00000,1937,12,0.047000,19371231
19380101,0.004900,0.049700,-0.016000,0.00000,1938,1,-0.014400,19380131
19380201,0.058400,0.003500,-0.020200,0.00000,1938,2,-0.030800,19380228
19380301,-0.238200,-0.042400,-0.035200,-0.00010,1938,3,0.157500,19380331
19380401,0.145100,0.063700,0.001800,0.00010,1938,4,-0.088800,19380430
19380501,-0.038300,-0.024700,-0.002800,0.00000,1938,5,0.071300,19380531
19380601,0.238700,0.040500,0.003000,0.00000,1938,6,-0.248600,19380630
19380701,0.073400,0.066600,0.021800,-0.00010,1938,7,-0.064400,19380730
19380801,-0.026700,-0.024400,-0.047200,0.00000,1938,8,0.039500,19380831
19380901,0.008100,-0.027200,-0.016200,0.00020,1938,9,0.025300,19380930
19381001,0.078000,0.058300,0.050100,0.00010,1938,10,-0.077000,19381031
19381101,-0.017200,-0.025600,-0.012300,-0.00060,1938,11,0.031300,19381130
19381201,0.041900,-0.018000,0.005000,0.00000,1938,12,0.020500,19381231
19390101,-0.059600,-0.015600,-0.039200,-0.00010,1939,1,-0.030500,19390131
19390201,0.035100,0.006300,0.029500,0.00010,1939,2,0.032500,19390228
19390301,-0.119900,-0.047600,-0.082900,-0.00010,1939,3,-0.014800,19390331
19390401,-0.001800,0.016600,-0.003000,0.00000,1939,4,0.027000,19390429
19390501,0.068000,0.028100,0.004700,0.00010,1939,5,0.035600,19390531
19390601,-0.053100,-0.010200,-0.054100,0.00010,1939,6,0.019600,19390630
19390701,0.102400,0.043200,-0.000300,0.00000,1939,7,-0.005800,19390731
19390801,-0.066800,-0.046100,-0.024200,-0.00010,1939,8,0.058400,19390831
19390901,0.168800,0.202300,0.222200,0.00010,1939,9,-0.303500,19390930
19391001,-0.005300,-0.000100,-0.048900,0.00000,1939,10,0.064600,19391031
19391101,-0.036200,-0.050700,-0.064600,0.00000,1939,11,-0.002200,19391130
19391201,0.030300,0.007900,-0.040600,0.00000,1939,12,0.054000,19391230
19400101,-0.024100,0.002400,-0.007700,0.00000,1940,1,0.017400,19400131
19400201,0.014400,0.025100,-0.003200,0.00000,1940,2,0.018100,19400229
19400301,0.020500,0.012500,-0.012700,0.00000,1940,3,-0.003600,19400330
19400401,0.002200,0.039200,-0.001300,0.00000,1940,4,0.033300,19400430
19400501,-0.219500,-0.066600,-0.036900,-0.00020,1940,5,0.028600,19400531
19400601,0.066700,-0.021300,0.046300,0.00000,1940,6,-0.021400,19400629
19400701,0.031600,0.010100,-0.007400,0.00010,1940,7,0.008500,19400731
19400801,0.021900,-0.001100,0.005600,-0.00010,1940,8,-0.016100,19400831
19400901,0.023900,0.032200,-0.011300,0.00000,1940,9,-0.002600,19400930
19401001,0.030200,0.002800,0.046400,0.00000,1940,10,-0.065300,19401031
19401101,-0.016100,0.019400,0.001200,0.00000,1940,11,0.013300,19401130
19401201,0.006900,-0.021500,-0.008900,0.00000,1940,12,0.034600,19401231
19410101,-0.041700,0.010000,0.038300,-0.00010,1941,1,-0.047200,19410131
19410201,-0.014300,-0.015700,0.008900,-0.00010,1941,2,0.009100,19410228
19410301,0.008400,0.001000,0.030400,0.00010,1941,3,0.024300,19410331
19410401,-0.054600,-0.016900,0.034100,-0.00010,1941,4,0.030300,19410430
19410501,0.013900,-0.006600,0.006000,0.00000,1941,5,0.024600,19410531
19410601,0.058300,0.013200,0.005900,0.00000,1941,6,-0.006400,19410630
19410701,0.058700,0.057000,0.072500,0.00030,1941,7,-0.017500,19410731
19410801,-0.001700,-0.004100,-0.011000,0.00010,1941,8,0.001700,19410830
19410901,-0.008700,-0.009900,-0.002800,0.00010,1941,9,-0.015700,19410930
19411001,-0.052500,-0.020200,0.016300,0.00000,1941,10,0.047400,19411031
19411101,-0.019200,-0.012100,-0.006400,0.00000,1941,11,0.040400,19411129
19411201,-0.048700,-0.029800,-0.059400,0.00010,1941,12,0.002800,19411231
19420101,0.007900,0.075200,0.101000,0.00020,1942,1,-0.035800,19420131
19420201,-0.024600,0.017200,-0.011300,0.00010,1942,2,-0.007100,19420228
19420301,-0.065800,0.017800,-0.006200,0.00010,1942,3,-0.002100,19420331
19420401,-0.043700,-0.006000,0.020900,0.00010,1942,4,-0.007900,19420430
19420501,0.059400,-0.030500,-0.026500,0.00030,1942,5,-0.047100,19420529
19420601,0.026900,-0.012200,0.005400,0.00020,1942,6,-0.013200,19420630
19420701,0.035100,-0.001600,0.024000,0.00030,1942,7,0.007700,19420731
19420801,0.018000,-0.000900,0.013300,0.00030,1942,8,-0.001300,19420831
19420901,0.026100,0.006600,0.023900,0.00030,1942,9,-0.006400,19420930
19421001,0.068200,0.018200,0.064700,0.00030,1942,10,-0.040100,19421031
19421101,0.001500,-0.015400,-0.042400,0.00030,1942,11,-0.009700,19421130
19421201,0.051200,-0.024900,0.005600,0.00030,1942,12,0.030600,19421231
19430101,0.071300,0.087800,0.082300,0.00030,1943,1,-0.003600,19430130
19430201,0.061500,0.048400,0.065100,0.00030,1943,2,-0.014600,19430227
19430301,0.060100,0.050300,0.054800,0.00030,1943,3,0.047400,19430331
19430401,0.008100,0.020600,0.058600,0.00030,1943,4,0.061800,19430430
19430501,0.057400,0.044100,0.032800,0.00030,1943,5,0.056100,19430529
19430601,0.018200,-0.010600,-0.007400,0.00030,1943,6,-0.013000,19430630
19430701,-0.047700,-0.024100,-0.022700,0.00030,1943,7,-0.045900,19430731
19430801,0.013000,-0.006200,-0.004700,0.00030,1943,8,0.007100,19430831
19430901,0.024000,0.012800,0.014300,0.00030,1943,9,0.017800,19430930
19431001,-0.011500,0.005800,0.016500,0.00030,1943,10,-0.005300,19431030
19431101,-0.059100,-0.016400,-0.040400,0.00030,1943,11,-0.047200,19431130
19431201,0.063600,0.033400,0.032200,0.00030,1943,12,0.059900,19431231
19440101,0.017400,0.025600,0.021700,0.00030,1944,1,0.009700,19440131
19440201,0.003700,-0.001000,0.008300,0.00030,1944,2,0.003400,19440229
19440301,0.024600,0.017100,0.034300,0.00020,1944,3,0.026100,19440331
19440401,-0.016900,-0.013500,-0.011300,0.00030,1944,4,0.005200,19440429
19440501,0.050700,0.016700,0.010200,0.00030,1944,5,0.020700,19440531
19440601,0.054900,0.040400,0.018200,0.00030,1944,6,-0.052200,19440630
19440701,-0.014900,0.005500,-0.004300,0.00030,1944,7,0.001900,19440731
19440801,0.015700,0.024100,-0.016300,0.00030,1944,8,0.046800,19440831
19440901,0.000100,0.004700,-0.012100,0.00020,1944,9,-0.010800,19440930
19441001,0.001600,-0.001400,-0.003400,0.00030,1944,10,-0.012400,19441031
19441101,0.017100,0.003700,0.023100,0.00030,1944,11,0.012800,19441130
19441201,0.040300,0.022400,0.059100,0.00020,1944,12,0.033600,19441230
19450101,0.020100,0.024400,0.007100,0.00030,1945,1,0.000400,19450131
19450201,0.062300,0.015600,0.044000,0.00020,1945,2,0.030300,19450228
19450301,-0.038900,-0.016100,-0.017800,0.00020,1945,3,-0.032800,19450331
19450401,0.078000,0.003200,0.032100,0.00030,1945,4,0.047900,19450430
19450501,0.017300,0.015100,0.003500,0.00030,1945,5,0.001100,19450531
19450601,0.003900,0.031000,0.043200,0.00020,1945,6,0.041100,19450630
19450701,-0.021700,-0.014600,-0.027100,0.00030,1945,7,-0.026200,19450731
19450801,0.062000,0.016100,-0.044000,0.00030,1945,8,-0.014000,19450831
19450901,0.047700,0.017100,0.004800,0.00030,1945,9,0.014000,19450929
19451001,0.038900,0.024600,0.022500,0.00030,1945,10,0.002500,19451031
19451101,0.053900,0.041600,0.043400,0.00020,1945,11,0.042500,19451130
19451201,0.012000,0.021200,-0.023200,0.00030,1945,12,0.012300,19451231
19460101,0.062400,0.040200,0.022100,0.00030,1946,1,0.037600,19460131
19460201,-0.058300,-0.007300,-0.012700,0.00030,1946,2,-0.014500,19460228
19460301,0.058700,0.003100,-0.003600,0.00030,1946,3,0.026900,19460330
19460401,0.042300,0.023700,0.004500,0.00030,1946,4,0.030300,19460430
19460501,0.039300,0.014600,0.010900,0.00030,1946,5,-0.006100,19460531
19460601,-0.038900,-0.015300,-0.005900,0.00030,1946,6,-0.025200,19460628
19460701,-0.026900,-0.020600,0.000400,0.00030,1946,7,-0.001000,19460731
19460801,-0.064400,-0.017800,0.006000,0.00030,1946,8,-0.000300,19460830
19460901,-0.101700,-0.044100,-0.019600,0.00030,1946,9,0.007400,19460930
19461001,-0.014400,0.000900,0.034400,0.00030,1946,10,0.009700,19461031
19461101,-0.000100,-0.004000,0.015200,0.00030,1946,11,0.002000,19461130
19461201,0.049600,0.000600,-0.013800,0.00030,1946,12,-0.001000,19461231
19470101,0.012500,0.021800,-0.007300,0.00030,1947,1,-0.064400,19470131
19470201,-0.010800,0.006800,0.001400,0.00030,1947,2,-0.004900,19470228
19470301,-0.016700,-0.016100,0.006100,0.00030,1947,3,0.040600,19470331
19470401,-0.048000,-0.039700,0.008500,0.00030,1947,4,0.050500,19470430
19470501,-0.009700,-0.032600,0.003400,0.00030,1947,5,0.033300,19470529
19470601,0.052900,-0.003100,-0.006000,0.00030,1947,6,-0.018500,19470630
19470701,0.041400,0.014300,0.028200,0.00030,1947,7,-0.034200,19470731
19470801,-0.017400,0.003000,0.001600,0.00030,1947,8,0.033800,19470829
19470901,-0.005400,0.016400,0.013600,0.00060,1947,9,-0.000200,19470930
19471001,0.024700,0.005100,0.000800,0.00060,1947,10,0.013400,19471031
19471101,-0.019700,-0.017400,0.010600,0.00060,1947,11,0.042300,19471129
19471201,0.030000,-0.024800,0.036900,0.00080,1947,12,0.036000,19471231
19480101,-0.039300,0.024900,0.013800,0.00070,1948,1,-0.042900,19480131
19480201,-0.043800,-0.017100,0.000700,0.00070,1948,2,0.014700,19480228
19480301,0.080700,0.001300,0.044900,0.00090,1948,3,-0.001900,19480331
19480401,0.036500,-0.016600,0.041000,0.00080,1948,4,0.040600,19480430
19480501,0.073000,0.009300,-0.012300,0.00080,1948,5,0.023800,19480528
19480601,-0.001000,-0.018600,0.027500,0.00090,1948,6,0.039900,19480630
19480701,-0.050900,-0.003200,0.000700,0.00080,1948,7,-0.015800,19480730
19480801,0.002500,-0.011000,0.002700,0.00090,1948,8,0.002300,19480831
19480901,-0.029700,-0.012300,-0.017900,0.00040,1948,9,-0.012600,19480930
19481001,0.059600,-0.015000,0.005600,0.00040,1948,10,0.027900,19481030
19481101,-0.093000,-0.006200,-0.041400,0.00040,1948,11,0.006000,19481130
19481201,0.032600,-0.028000,-0.019400,0.00040,1948,12,0.046600,19481231
19490101,0.002300,0.018100,0.011700,0.00100,1949,1,-0.029200,19490131
19490201,-0.029300,-0.018900,-0.009100,0.00090,1949,2,-0.004100,19490228
19490301,0.040400,0.024800,0.013400,0.00100,1949,3,-0.008700,19490331
19490401,-0.018700,-0.008900,-0.011800,0.00090,1949,4,0.030600,19490430
19490501,-0.029400,-0.007700,-0.024200,0.00100,1949,5,0.030400,19490531
19490601,0.001000,-0.008800,-0.017600,0.00100,1949,6,-0.012800,19490630
19490701,0.055400,0.005700,0.003800,0.00090,1949,7,-0.015400,19490729
19490801,0.026000,0.001300,-0.005700,0.00090,1949,8,0.017000,19490831
19490901,0.030900,0.010500,0.002300,0.00090,1949,9,-0.014200,19490930
19491001,0.031400,0.010300,-0.004900,0.00090,1949,10,0.000000,19491031
19491101,0.018200,-0.009300,-0.009100,0.00080,1949,11,0.012700,19491130
19491201,0.051300,0.020700,0.017500,0.00090,1949,12,-0.007800,19491231
19500101,0.017000,0.033600,0.001400,0.00090,1950,1,-0.023200,19500131
19500201,0.014800,0.000400,-0.008100,0.00090,1950,2,0.013600,19500228
19500301,0.012600,-0.014100,-0.027700,0.00100,1950,3,0.015400,19500331
19500401,0.039400,0.019900,0.013400,0.00090,1950,4,0.003300,19500429
19500501,0.043100,-0.021200,0.004600,0.00100,1950,5,0.003800,19500531
19500601,-0.059400,-0.023800,-0.007800,0.00100,1950,6,-0.016600,19500630
19500701,0.013600,0.005100,0.136600,0.00100,1950,7,-0.004700,19500731
19500801,0.048500,0.007300,-0.014100,0.00100,1950,8,0.032100,19500831
19500901,0.048100,0.005700,-0.011100,0.00100,1950,9,-0.001300,19500929
19501001,-0.001800,-0.005800,0.014400,0.00120,1950,10,0.014200,19501031
19501101,0.027600,-0.008400,0.031700,0.00110,1950,11,0.035900,19501130
19501201,0.055400,0.014900,0.072300,0.00110,1950,12,0.049700,19501230
19510101,0.057000,0.017300,0.037200,0.00130,1951,1,0.020000,19510131
19510201,0.014100,0.000900,-0.028300,0.00100,1951,2,-0.015800,19510228
19510301,-0.021500,-0.006400,-0.042200,0.00110,1951,3,-0.029500,19510331
19510401,0.048600,-0.014900,0.032800,0.00130,1951,4,0.060200,19510430
19510501,-0.023400,-0.000100,-0.013300,0.00120,1951,5,-0.009300,19510531
19510601,-0.026200,-0.019500,-0.039600,0.00120,1951,6,-0.023900,19510629
19510701,0.069400,-0.019900,0.020100,0.00130,1951,7,0.072400,19510731
19510801,0.042700,0.009900,-0.001600,0.00130,1951,8,0.010000,19510831
19510901,0.007000,0.019000,0.006100,0.00120,1951,9,0.005600,19510928
19511001,-0.025300,-0.002200,0.002500,0.00160,1951,10,-0.003100,19511031
19511101,0.005700,-0.002900,-0.000500,0.00110,1951,11,0.006300,19511130
19511201,0.033300,-0.022500,-0.015600,0.00120,1951,12,0.017000,19511231
19520101,0.014500,-0.006100,0.015400,0.00150,1952,1,0.013700,19520131
19520201,-0.026200,0.007900,-0.006100,0.00120,1952,2,-0.007500,19520229
19520301,0.044400,-0.029900,0.021600,0.00110,1952,3,0.016500,19520331
19520401,-0.049700,0.004800,-0.001000,0.00120,1952,4,-0.020400,19520430
19520501,0.032000,-0.010100,0.000800,0.00130,1952,5,0.004900,19520529
19520601,0.038300,-0.016100,0.012300,0.00150,1952,6,0.015000,19520630
19520701,0.009100,-0.004000,-0.003500,0.00150,1952,7,-0.005200,19520731
19520801,-0.007600,0.011800,0.000300,0.00150,1952,8,0.003100,19520829
19520901,-0.020300,0.011500,-0.015100,0.00160,1952,9,0.017600,19520930
19521001,-0.006600,-0.010600,-0.004500,0.00140,1952,10,0.027500,19521031
19521101,0.059400,-0.007100,0.009500,0.00100,1952,11,0.004400,19521128
19521201,0.029300,-0.014800,0.001800,0.00160,1952,12,0.015100,19521231
19530101,-0.003400,0.035800,0.013200,0.00160,1953,1,0.007200,19530130
19530201,-0.002700,0.021500,-0.000800,0.00140,1953,2,0.008600,19530227
19530301,-0.014300,-0.001900,-0.008000,0.00180,1953,3,0.000800,19530331
19530401,-0.028300,0.002800,0.015300,0.00160,1953,4,0.018500,19530430
19530501,0.005200,-0.000700,0.002300,0.00170,1953,5,0.009400,19530529
19530601,-0.018900,-0.018600,-0.004700,0.00180,1953,6,-0.000100,19530630
19530701,0.024000,-0.010500,-0.002400,0.00150,1953,7,-0.003100,19530731
19530801,-0.045200,0.003600,-0.035400,0.00170,1953,8,0.022100,19530831
19530901,0.002000,-0.008500,-0.024200,0.00160,1953,9,0.028800,19530930
19531001,0.046000,-0.013700,-0.001900,0.00130,1953,10,0.002700,19531030
19531101,0.028300,-0.012900,-0.001700,0.00080,1953,11,0.019500,19531130
19531201,0.000300,-0.008400,-0.028400,0.00130,1953,12,0.051900,19531231
19540101,0.051300,0.004600,0.035100,0.00110,1954,1,-0.057400,19540129
19540201,0.016700,-0.001700,-0.002800,0.00070,1954,2,0.010300,19540226
19540301,0.036500,-0.004900,-0.014600,0.00080,1954,3,0.022000,19540331
19540401,0.042700,-0.034800,-0.003700,0.00090,1954,4,0.049800,19540430
19540501,0.030900,0.003900,0.024600,0.00050,1954,5,-0.019900,19540528
19540601,0.010700,0.004100,-0.000300,0.00060,1954,6,0.035200,19540630
19540701,0.049900,0.010700,0.041100,0.00050,1954,7,0.004400,19540730
19540801,-0.023400,0.026600,-0.013600,0.00050,1954,8,-0.006400,19540831
19540901,0.063900,-0.025400,0.006600,0.00090,1954,9,0.015400,19540930
19541001,-0.016700,0.005900,0.007200,0.00070,1954,10,0.009600,19541029
19541101,0.093800,-0.026200,0.043600,0.00060,1954,11,0.019300,19541130
19541201,0.054800,0.021400,0.057100,0.00080,1954,12,-0.014100,19541231
19550101,0.006000,0.002500,0.021800,0.00080,1955,1,0.013600,19550131
19550201,0.030200,0.015400,0.006200,0.00090,1955,2,0.010900,19550228
19550301,-0.001600,-0.006600,0.019500,0.00100,1955,3,0.010300,19550331
19550401,0.031100,-0.017900,0.008100,0.00100,1955,4,0.000900,19550429
19550501,0.009300,-0.002900,-0.008600,0.00140,1955,5,0.005600,19550531
19550601,0.065500,-0.046500,0.019200,0.00100,1955,6,0.046600,19550630
19550701,0.019000,-0.013600,0.006300,0.00100,1955,7,-0.012300,19550729
19550801,0.002100,-0.003800,0.005800,0.00160,1955,8,0.017900,19550831
19550901,-0.003600,0.003000,-0.010600,0.00160,1955,9,0.017700,19550930
19551001,-0.026800,0.015000,-0.000300,0.00180,1955,10,-0.005000,19551031
19551101,0.070300,-0.024600,0.005000,0.00170,1955,11,0.026700,19551130
19551201,0.014900,0.020800,-0.022400,0.00180,1955,12,-0.013300,19551230
19560101,-0.030300,0.004400,0.011200,0.00220,1956,1,-0.014800,19560131
19560201,0.037700,-0.010400,-0.005300,0.00190,1956,2,0.019700,19560229
19560301,0.066400,-0.024200,-0.001400,0.00150,1956,3,0.035900,19560329
19560401,0.002800,0.000700,-0.001800,0.00190,1956,4,0.025700,19560430
19560501,-0.052000,0.015000,-0.013300,0.00230,1956,5,-0.016200,19560531
19560601,0.034800,-0.014600,-0.013200,0.00200,1956,6,0.027100,19560629
19560701,0.048400,-0.016800,-0.000100,0.00220,1956,7,0.025200,19560731
19560801,-0.031800,0.019000,-0.007100,0.00170,1956,8,-0.006900,19560831
19560901,-0.051400,0.015600,0.017900,0.00180,1956,9,-0.007600,19560928
19561001,0.005200,-0.000900,-0.000600,0.00250,1956,10,0.024600,19561031
19561101,0.003600,-0.002200,0.017800,0.00200,1956,11,0.034100,19561130
19561201,0.031600,-0.000300,-0.021000,0.00240,1956,12,0.038100,19561231
19570101,-0.035800,0.034000,0.027800,0.00270,1957,1,-0.030500,19570131
19570201,-0.020600,-0.007200,-0.007300,0.00240,1957,2,0.003100,19570228
19570301,0.021300,0.002700,-0.004700,0.00230,1957,3,-0.001800,19570329
19570401,0.042600,-0.016000,-0.015100,0.00250,1957,4,0.009600,19570430
19570501,0.034500,-0.010700,-0.020500,0.00260,1957,5,0.004400,19570531
19570601,-0.007400,0.005500,0.000100,0.00240,1957,6,0.007700,19570628
19570701,0.006600,-0.007600,0.003800,0.00300,1957,7,-0.000700,19570731
19570801,-0.051100,0.000600,-0.004500,0.00250,1957,8,0.004900,19570830
19570901,-0.059800,0.000800,0.008800,0.00260,1957,9,0.006200,19570930
19571001,-0.043200,-0.025200,-0.018300,0.00290,1957,10,0.019400,19571031
19571101,0.023000,0.004000,-0.029000,0.00280,1957,11,0.012400,19571129
19571201,-0.039100,-0.009300,-0.017100,0.00240,1957,12,0.077900,19571231
19580101,0.046600,0.043600,0.042300,0.00280,1958,1,-0.076300,19580131
19580201,-0.015200,0.007000,0.002800,0.00120,1958,2,0.037500,19580228
19580301,0.032700,0.006300,-0.009200,0.00090,1958,3,-0.018500,19580331
19580401,0.030900,-0.005900,0.014600,0.00080,1958,4,0.018500,19580430
19580501,0.023100,0.022400,-0.003500,0.00110,1958,5,-0.018200,19580529
19580601,0.029300,-0.002400,0.005000,0.00030,1958,6,-0.008700,19580630
19580701,0.043900,0.004700,0.031200,0.00070,1958,7,-0.036200,19580731
19580801,0.019100,0.011900,0.002900,0.00040,1958,8,0.002800,19580829
19580901,0.046600,0.001500,0.029600,0.00190,1958,9,-0.011300,19580930
19581001,0.025300,0.011300,-0.011800,0.00180,1958,10,0.031200,19581031
19581101,0.030100,0.020600,-0.012900,0.00110,1958,11,0.015700,19581128
19581201,0.051500,-0.020700,-0.000500,0.00220,1958,12,-0.006500,19581231
19590101,0.007100,0.030200,0.029800,0.00210,1959,1,-0.002400,19590130
19590201,0.009500,0.014900,0.010500,0.00190,1959,2,0.034000,19590227
19590301,0.002800,0.014800,-0.003500,0.00220,1959,3,0.001300,19590331
19590401,0.036600,-0.005800,-0.012200,0.00200,1959,4,0.031500,19590430
19590501,0.017300,-0.021500,0.018700,0.00220,1959,5,0.015000,19590529
19590601,-0.002500,0.006800,0.013300,0.00250,1959,6,0.029100,19590630
19590701,0.031700,-0.003200,0.002600,0.00250,1959,7,-0.003200,19590731
19590801,-0.013900,-0.007800,0.004400,0.00190,1959,8,-0.009500,19590831
19590901,-0.048000,-0.000900,0.005700,0.00310,1959,9,0.008500,19590930
19591001,0.012800,0.014300,-0.020500,0.00300,1959,10,0.034800,19591030
19591101,0.016000,0.012400,-0.032700,0.00260,1959,11,0.022600,19591130
19591201,0.024500,-0.006000,-0.000300,0.00340,1959,12,0.009900,19591231
19600101,-0.069800,0.020900,0.027300,0.00330,1960,1,-0.034900,19600129
19600201,0.011700,0.005100,-0.019900,0.00290,1960,2,0.038600,19600229
19600301,-0.016300,-0.005100,-0.028500,0.00350,1960,3,0.014300,19600331
19600401,-0.017100,0.003100,-0.022300,0.00190,1960,4,0.028100,19600429
19600501,0.031200,0.012100,-0.037600,0.00270,1960,5,0.048100,19600531
19600601,0.020800,-0.002200,-0.003400,0.00240,1960,6,0.008600,19600630
19600701,-0.023700,-0.005100,0.020100,0.00130,1960,7,-0.007800,19600729
19600801,0.030100,0.008800,-0.001700,0.00170,1960,8,0.019200,19600831
19600901,-0.059900,-0.011000,0.015500,0.00160,1960,9,0.003100,19600930
19601001,-0.007100,-0.040000,0.026600,0.00220,1960,10,0.012500,19601031
19601101,0.046900,0.003900,-0.025200,0.00130,1960,11,0.037400,19601130
19601201,0.047100,-0.015800,-0.007600,0.00160,1960,12,0.013900,19601230
19610101,0.062000,0.006600,0.037000,0.00190,1961,1,-0.039900,19610131
19610201,0.035700,0.039800,-0.007400,0.00140,1961,2,0.009800,19610228
19610301,0.028900,0.033100,-0.008300,0.00200,1961,3,0.045100,19610330
19610401,0.002900,0.000700,0.021000,0.00170,1961,4,0.035200,19610428
19610501,0.024000,0.020000,0.004000,0.00180,1961,5,-0.015600,19610531
19610601,-0.030800,-0.024500,-0.002100,0.00200,1961,6,0.003700,19610630
19610701,0.028300,-0.018800,-0.001100,0.00180,1961,7,0.002400,19610731
19610801,0.025700,-0.017500,-0.002800,0.00140,1961,8,0.016500,19610831
19610901,-0.021500,-0.010500,-0.005800,0.00170,1961,9,0.008300,19610929
19611001,0.025700,-0.016100,0.001200,0.00190,1961,10,0.031300,19611031
19611101,0.044500,0.012400,-0.011900,0.00150,1961,11,0.013400,19611130
19611201,-0.001800,-0.008300,0.018300,0.00190,1961,12,-0.022400,19611229
19620101,-0.038700,0.017800,0.050900,0.00240,1962,1,-0.020700,19620131
19620201,0.018100,-0.011600,0.008500,0.00200,1962,2,-0.010200,19620228
19620301,-0.006800,0.005300,-0.014300,0.00200,1962,3,0.018300,19620330
19620401,-0.065900,-0.006800,0.000300,0.00220,1962,4,0.028900,19620430
19620501,-0.086500,-0.033300,0.027800,0.00240,1962,5,0.003800,19620531
19620601,-0.084700,-0.005700,0.025400,0.00200,1962,6,0.064500,19620629
19620701,0.062800,0.014900,-0.034400,0.00270,1962,7,0.005500,19620731
19620801,0.021300,0.012300,-0.011900,0.00230,1962,8,-0.005800,19620831
19620901,-0.052200,-0.024300,0.012300,0.00210,1962,9,0.039500,19620928
19621001,-0.000500,-0.039700,0.012900,0.00250,1962,10,0.007500,19621031
19621101,0.108700,0.026100,0.010100,0.00200,1962,11,-0.071700,19621130
19621201,0.010100,-0.038000,0.003300,0.00230,1962,12,0.058800,19621231
19630101,0.049300,0.030600,0.022600,0.00250,1963,1,-0.021000,19630131
19630201,-0.023800,0.005000,0.022100,0.00230,1963,2,0.025200,19630228
19630301,0.030800,-0.026200,0.021000,0.00230,1963,3,0.015600,19630329
19630401,0.045100,-0.013100,0.010100,0.00250,1963,4,-0.000800,19630430
19630501,0.017600,0.011200,0.025000,0.00240,1963,5,0.003700,19630531
19630601,-0.020000,-0.002500,0.007000,0.00230,1963,6,0.011700,19630628
19630701,-0.003900,-0.005600,-0.008300,0.00270,1963,7,0.010000,19630731
19630801,0.050700,-0.009400,0.016700,0.00250,1963,8,0.010300,19630830
19630901,-0.015700,-0.003000,0.001800,0.00270,1963,9,0.001600,19630930
19631001,0.025300,-0.005400,-0.001000,0.00290,1963,10,0.031400,19631031
19631101,-0.008500,-0.011300,0.017100,0.00270,1963,11,-0.007500,19631129
19631201,0.018300,-0.019700,-0.001200,0.00290,1963,12,0.017000,19631231
19640101,0.022400,-0.001900,0.015900,0.00300,1964,1,0.010600,19640131
19640201,0.015400,0.001000,0.028300,0.00260,1964,2,0.002400,19640228
19640301,0.014100,0.009900,0.033200,0.00310,1964,3,0.007100,19640331
19640401,0.001000,-0.013700,-0.005500,0.00290,1964,4,-0.006000,19640430
19640501,0.014200,-0.009000,0.019800,0.00260,1964,5,0.025400,19640528
19640601,0.012700,-0.002600,0.006800,0.00300,1964,6,0.004500,19640630
19640701,0.017400,0.002800,0.006800,0.00300,1964,7,-0.003800,19640731
19640801,-0.014400,0.000900,0.000900,0.00280,1964,8,-0.001900,19640831
19640901,0.026900,-0.005100,0.016500,0.00280,1964,9,-0.003900,19640930
19641001,0.005900,0.004300,0.011400,0.00290,1964,10,0.000800,19641030
19641101,0.000000,0.006100,-0.019800,0.00290,1964,11,0.010800,19641130
19641201,0.000300,-0.002600,-0.025500,0.00310,1964,12,-0.006900,19641231
19650101,0.035400,0.027000,0.001800,0.00280,1965,1,-0.012800,19650129
19650201,0.004400,0.034800,0.002200,0.00300,1965,2,0.003000,19650226
19650301,-0.013400,0.017900,0.010900,0.00360,1965,3,0.001000,19650331
19650401,0.031100,0.012000,0.007100,0.00310,1965,4,0.025400,19650430
19650501,-0.007700,0.000400,-0.016300,0.00310,1965,5,0.005400,19650528
19650601,-0.055100,-0.043500,0.005500,0.00350,1965,6,-0.031200,19650630
19650701,0.014300,0.008700,0.021800,0.00310,1965,7,0.041000,19650730
19650801,0.027300,0.028100,-0.009600,0.00330,1965,8,0.025800,19650831
19650901,0.028600,0.006100,-0.001000,0.00310,1965,9,0.033700,19650930
19651001,0.026000,0.024800,0.015200,0.00310,1965,10,0.034500,19651029
19651101,-0.000300,0.046800,0.002100,0.00350,1965,11,0.044200,19651130
19651201,0.010100,0.020800,0.019500,0.00330,1965,12,0.000900,19651231
19660101,0.007200,0.038900,0.034900,0.00380,1966,1,0.054100,19660131
19660201,-0.012100,0.045400,0.002700,0.00350,1966,2,0.045800,19660228
19660301,-0.025100,0.009400,-0.020700,0.00380,1966,3,0.013400,19660331
19660401,0.021400,0.034500,-0.005400,0.00340,1966,4,0.061800,19660429
19660501,-0.056600,-0.047000,-0.015500,0.00410,1966,5,-0.046900,19660531
19660601,-0.014400,0.010200,0.005000,0.00380,1966,6,0.032800,19660630
19660701,-0.016300,-0.004400,0.009600,0.00350,1966,7,-0.013900,19660729
19660801,-0.079100,-0.032300,0.004700,0.00410,1966,8,-0.021100,19660831
19660901,-0.010600,-0.010700,0.005300,0.00400,1966,9,-0.017300,19660930
19661001,0.038600,-0.066400,0.028700,0.00450,1966,10,-0.051300,19661031
19661101,0.014000,0.042200,-0.044600,0.00400,1966,11,0.057300,19661130
19661201,0.001300,0.018600,-0.012200,0.00400,1966,12,0.010700,19661230
19670101,0.081500,0.083200,0.022200,0.00430,1967,1,-0.067500,19670131
19670201,0.007800,0.033400,-0.021700,0.00360,1967,2,0.035600,19670228
19670301,0.039900,0.016300,0.003100,0.00390,1967,3,0.014200,19670331
19670401,0.038900,0.006200,-0.026400,0.00320,1967,4,0.006400,19670428
19670501,-0.043300,0.019800,0.008000,0.00330,1967,5,0.006700,19670531
19670601,0.024100,0.059600,0.009600,0.00270,1967,6,0.060300,19670630
19670701,0.045800,0.030800,0.026500,0.00310,1967,7,-0.010700,19670731
19670801,-0.008900,0.004700,0.014600,0.00310,1967,8,-0.014100,19670831
19670901,0.031100,0.031000,-0.024700,0.00320,1967,9,0.025500,19670929
19671001,-0.030900,0.014200,-0.033900,0.00390,1967,10,0.036700,19671031
19671101,0.003700,0.002000,-0.017100,0.00360,1967,11,0.012900,19671130
19671201,0.030500,0.057300,-0.003900,0.00330,1967,12,0.032300,19671229
19680101,-0.040600,0.039100,0.047500,0.00400,1968,1,-0.046400,19680131
19680201,-0.037500,-0.029500,0.011700,0.00390,1968,2,-0.034100,19680229
19680301,0.002000,-0.012800,-0.005900,0.00380,1968,3,0.031800,19680329
19680401,0.090500,0.057300,-0.010300,0.00430,1968,4,0.051500,19680430
19680501,0.022800,0.064300,0.008400,0.00450,1968,5,0.037300,19680531
19680601,0.006900,-0.001700,0.006700,0.00430,1968,6,-0.019200,19680628
19680701,-0.027200,-0.013000,0.054800,0.00480,1968,7,-0.008400,19680730
19680801,0.013400,0.023400,0.010000,0.00420,1968,8,0.018800,19680830
19680901,0.040300,0.027600,0.002300,0.00430,1968,9,-0.006700,19680930
19681001,0.004200,-0.004700,0.028900,0.00440,1968,10,-0.015200,19681031
19681101,0.054300,0.023500,-0.009000,0.00420,1968,11,0.017300,19681129
19681201,-0.039400,0.034400,0.000200,0.00430,1968,12,0.001100,19681231
19690101,-0.012500,-0.007800,0.016900,0.00530,1969,1,-0.001500,19690131
19690201,-0.058400,-0.038900,0.009100,0.00460,1969,2,-0.024600,19690228
19690301,0.026400,-0.002500,-0.004600,0.00460,1969,3,0.039500,19690328
19690401,0.014600,-0.008800,0.000300,0.00530,1969,4,0.011700,19690430
19690501,-0.001000,-0.002700,0.007300,0.00480,1969,5,0.016800,19690529
19690601,-0.071800,-0.053900,-0.010900,0.00510,1969,6,-0.022300,19690630
19690701,-0.070000,-0.032100,0.014200,0.00530,1969,7,0.016400,19690731
19690801,0.046800,0.009400,-0.038700,0.00500,1969,8,0.021400,19690829
19690901,-0.029800,0.012000,-0.031900,0.00620,1969,9,0.025300,19690930
19691001,0.050600,0.038100,-0.031900,0.00600,1969,10,-0.043200,19691031
19691101,-0.037900,-0.025300,-0.011200,0.00520,1969,11,0.036000,19691128
19691201,-0.026300,-0.036700,-0.030200,0.00640,1969,12,0.050500,19691231
19700101,-0.081000,0.029000,0.030400,0.00600,1970,1,0.006300,19700130
19700201,0.051300,-0.024000,0.040400,0.00620,1970,2,0.001200,19700227
19700301,-0.010600,-0.023200,0.042500,0.00570,1970,3,-0.002900,19700331
19700401,-0.110000,-0.061100,0.064000,0.00500,1970,4,-0.007300,19700430
19700501,-0.069200,-0.045200,0.036000,0.00530,1970,5,-0.027300,19700529
19700601,-0.057900,-0.021600,0.008700,0.00580,1970,6,0.057800,19700630
19700701,0.069300,-0.005400,0.009600,0.00520,1970,7,-0.029400,19700731
19700801,0.044900,0.015200,0.010300,0.00530,1970,8,-0.065000,19700831
19700901,0.041800,0.086200,-0.055800,0.00540,1970,9,-0.089200,19700930
19701001,-0.022800,-0.042800,0.002700,0.00460,1970,10,0.096100,19701030
19701101,0.046000,-0.040700,0.016300,0.00460,1970,11,0.028900,19701130
19701201,0.057200,0.029700,0.010100,0.00420,1970,12,-0.021900,19701231
19710101,0.048400,0.073700,0.013800,0.00380,1971,1,-0.067100,19710129
19710201,0.014100,0.018800,-0.012900,0.00330,1971,2,0.008100,19710226
19710301,0.041300,0.025400,-0.040400,0.00300,1971,3,-0.012100,19710331
19710401,0.031500,-0.004900,0.007200,0.00280,1971,4,0.013200,19710430
19710501,-0.039800,-0.011000,-0.013800,0.00290,1971,5,0.008900,19710528
19710601,-0.001000,-0.014200,-0.020600,0.00370,1971,6,0.027200,19710630
19710701,-0.045000,-0.015000,0.001700,0.00400,1971,7,-0.023700,19710730
19710801,0.037900,-0.001600,0.026700,0.00470,1971,8,0.035100,19710831
19710901,-0.008500,0.004100,-0.029600,0.00370,1971,9,0.020900,19710930
19711001,-0.044200,-0.018000,-0.004300,0.00370,1971,10,0.004600,19711029
19711101,-0.004600,-0.028500,-0.017000,0.00370,1971,11,0.014800,19711130
19711201,0.087100,0.033200,-0.003500,0.00370,1971,12,-0.006800,19711231
19720101,0.024900,0.061200,0.019900,0.00290,1972,1,0.002400,19720131
19720201,0.028700,0.013700,-0.027600,0.00250,1972,2,0.027000,19720229
19720301,0.006300,-0.002700,-0.017300,0.00270,1972,3,0.029100,19720330
19720401,0.002900,0.000100,0.002300,0.00290,1972,4,0.029000,19720428
19720501,0.012500,-0.027900,-0.026900,0.00300,1972,5,0.031800,19720531
19720601,-0.024300,0.003300,-0.025100,0.00290,1972,6,0.019100,19720630
19720701,-0.008000,-0.028900,0.007800,0.00310,1972,7,0.027400,19720731
19720801,0.032600,-0.040900,0.046900,0.00290,1972,8,-0.053500,19720831
19720901,-0.011400,-0.026700,0.004700,0.00340,1972,9,0.017600,19720929
19721001,0.005200,-0.027400,0.013700,0.00400,1972,10,0.007600,19721031
19721101,0.046000,-0.011100,0.047600,0.00370,1972,11,-0.051400,19721130
19721201,0.006200,-0.018600,-0.022700,0.00370,1972,12,0.049800,19721229
19730101,-0.032900,-0.034800,0.026800,0.00440,1973,1,0.037100,19730131
19730201,-0.048500,-0.039900,0.017000,0.00410,1973,2,0.021200,19730228
19730301,-0.013000,-0.028200,0.027800,0.00460,1973,3,0.036200,19730330
19730401,-0.056800,-0.039900,0.056900,0.00520,1973,4,0.064100,19730430
19730501,-0.029400,-0.061200,0.002100,0.00510,1973,5,0.070900,19730531
19730601,-0.015600,-0.029500,0.014400,0.00510,1973,6,0.043200,19730629
19730701,0.050500,0.079200,-0.053500,0.00640,1973,7,-0.116900,19730731
19730801,-0.038200,-0.020200,0.011300,0.00700,1973,8,0.034200,19730831
19730901,0.047500,0.029400,0.021900,0.00680,1973,9,-0.070300,19730928
19731001,-0.008300,-0.002300,0.017500,0.00650,1973,10,0.067400,19731031
19731101,-0.127500,-0.077100,0.040900,0.00560,1973,11,0.086300,19731130
19731201,0.006100,-0.052900,0.041000,0.00640,1973,12,0.103900,19731231
19740101,-0.001700,0.097600,0.059800,0.00630,1974,1,-0.088200,19740131
19740201,-0.004700,0.000400,0.025600,0.00580,1974,2,0.001400,19740228
19740301,-0.028100,0.025100,-0.001100,0.00560,1974,3,-0.009900,19740329
19740401,-0.052900,-0.007000,0.010300,0.00750,1974,4,0.020000,19740430
19740501,-0.046800,-0.030000,-0.020700,0.00750,1974,5,-0.002600,19740531
19740601,-0.028300,-0.002000,0.007700,0.00600,1974,6,0.023700,19740628
19740701,-0.080500,0.009200,0.051400,0.00700,1974,7,0.030100,19740731
19740801,-0.093500,-0.006800,0.025000,0.00600,1974,8,0.030000,19740830
19740901,-0.117700,0.002700,0.054900,0.00810,1974,9,0.043200,19740930
19741001,0.161000,-0.035100,-0.099900,0.00510,1974,10,-0.005000,19741031
19741101,-0.045100,-0.011700,-0.001600,0.00540,1974,11,0.021800,19741129
19741201,-0.034500,-0.048400,0.000000,0.00700,1974,12,0.029500,19741231
19750101,0.136600,0.110100,0.084400,0.00580,1975,1,-0.138900,19750131
19750201,0.055600,0.001600,-0.045600,0.00430,1975,2,-0.005500,19750228
19750301,0.026600,0.037500,0.024900,0.00410,1975,3,-0.019900,19750331
19750401,0.042300,-0.005400,-0.011100,0.00440,1975,4,0.013400,19750430
19750501,0.051900,0.038300,-0.040200,0.00440,1975,5,-0.004700,19750530
19750601,0.048300,0.007600,0.013200,0.00410,1975,6,0.000600,19750630
19750701,-0.065900,0.026900,0.017000,0.00480,1975,7,0.004200,19750731
19750801,-0.028500,-0.032000,-0.009000,0.00480,1975,8,-0.001300,19750829
19750901,-0.042600,-0.001300,0.003400,0.00530,1975,9,0.003200,19750930
19751001,0.053100,-0.040200,0.003000,0.00560,1975,10,-0.001400,19751031
19751101,0.026400,-0.011900,0.019900,0.00410,1975,11,-0.004500,19751128
19751201,-0.016000,-0.007600,0.017500,0.00480,1975,12,-0.001200,19751231
19760101,0.121600,0.048000,0.085800,0.00470,1976,1,0.044600,19760130
19760201,0.003200,0.070300,0.057800,0.00340,1976,2,0.003600,19760227
19760301,0.023200,-0.011700,-0.000400,0.00400,1976,3,0.001900,19760331
19760401,-0.014900,-0.000300,-0.000600,0.00420,1976,4,0.005000,19760430
19760501,-0.013400,-0.012400,-0.013200,0.00370,1976,5,-0.011000,19760528
19760601,0.040500,-0.013500,0.006800,0.00430,1976,6,-0.004300,19760630
19760701,-0.010700,0.003000,0.017400,0.00470,1976,7,-0.001200,19760730
19760801,-0.005600,-0.020100,0.007900,0.00420,1976,8,-0.008500,19760831
19760901,0.020700,0.000000,-0.002900,0.00440,1976,9,0.002400,19760930
19761001,-0.024200,0.002500,-0.001200,0.00410,1976,10,-0.004800,19761029
19761101,0.003600,0.023200,0.015200,0.00400,1976,11,0.029000,19761130
19761201,0.056500,0.030000,0.022100,0.00400,1976,12,0.007700,19761231
19770101,-0.040500,0.047800,0.042600,0.00360,1977,1,0.039800,19770131
19770201,-0.019400,0.010800,0.005000,0.00350,1977,2,0.003500,19770228
19770301,-0.013700,0.009900,0.010200,0.00380,1977,3,0.004900,19770331
19770401,0.001500,-0.001000,0.034700,0.00380,1977,4,0.042200,19770429
19770501,-0.014500,0.011800,0.008400,0.00370,1977,5,0.020100,19770531
19770601,0.047100,0.021300,-0.006400,0.00400,1977,6,0.017700,19770630
19770701,-0.016900,0.021200,-0.005900,0.00420,1977,7,0.003100,19770729
19770801,-0.017500,0.015200,-0.027900,0.00440,1977,8,-0.017800,19770831
19770901,-0.002700,0.014500,-0.004900,0.00430,1977,9,0.020600,19770930
19771001,-0.043800,0.012700,0.017200,0.00490,1977,10,-0.001300,19771031
19771101,0.040000,0.037200,0.003100,0.00500,1977,11,0.021900,19771130
19771201,0.002700,0.013500,-0.003700,0.00490,1977,12,0.015600,19771230
19780101,-0.060100,0.022200,0.033100,0.00490,1978,1,-0.007200,19780131
19780201,-0.013800,0.035900,0.007600,0.00460,1978,2,0.019000,19780228
19780301,0.028500,0.034800,0.012000,0.00530,1978,3,0.013700,19780331
19780401,0.078800,0.004000,-0.035400,0.00540,1978,4,0.008500,19780428
19780501,0.017600,0.045600,-0.006200,0.00510,1978,5,0.028500,19780531
19780601,-0.016900,0.016900,0.005900,0.00540,1978,6,0.027800,19780630
19780701,0.051100,0.002600,-0.011100,0.00560,1978,7,0.042200,19780731
19780801,0.037500,0.050600,-0.004600,0.00560,1978,8,0.028200,19780831
19780901,-0.014300,-0.003900,0.018700,0.00620,1978,9,-0.031100,19780929
19781001,-0.119100,-0.098800,0.013600,0.00680,1978,10,-0.083900,19781031
19781101,0.027100,0.030100,-0.022200,0.00700,1978,11,0.055200,19781130
19781201,0.008800,0.012400,-0.021900,0.00780,1978,12,0.030500,19781229
19790101,0.042300,0.036600,0.022700,0.00770,1979,1,-0.012400,19790131
19790201,-0.035600,0.004500,0.012000,0.00730,1979,2,-0.010600,19790228
19790301,0.056800,0.031900,-0.006700,0.00810,1979,3,0.028800,19790330
19790401,-0.000600,0.021800,0.010500,0.00800,1979,4,0.008100,19790430
19790501,-0.022100,0.001600,0.013200,0.00820,1979,5,-0.005700,19790531
19790601,0.038500,0.011700,0.014800,0.00810,1979,6,0.008200,19790629
19790701,0.008200,0.012600,0.017000,0.00770,1979,7,-0.010900,19790731
19790801,0.055300,0.020800,-0.015500,0.00770,1979,8,-0.002300,19790831
19790901,-0.008200,-0.002500,-0.008700,0.00830,1979,9,0.053400,19790928
19791001,-0.081000,-0.033400,-0.018600,0.00870,1979,10,0.021200,19791031
19791101,0.052100,0.027400,-0.032500,0.00990,1979,11,0.079600,19791130
19791201,0.017900,0.041700,-0.019800,0.00950,1979,12,0.047800,19791231
19800101,0.055100,0.016500,0.018000,0.00800,1980,1,0.075100,19800131
19800201,-0.012200,-0.018200,0.006200,0.00890,1980,2,0.078800,19800229
19800301,-0.129000,-0.066400,-0.010600,0.01210,1980,3,-0.095900,19800331
19800401,0.039700,0.009700,0.010600,0.01260,1980,4,-0.004200,19800430
19800501,0.052600,0.021600,0.003900,0.00810,1980,5,-0.011100,19800530
19800601,0.030600,0.016700,-0.008900,0.00610,1980,6,0.015900,19800630
19800701,0.064900,0.042500,-0.063000,0.00530,1980,7,0.003700,19800731
19800801,0.018000,0.039200,-0.026400,0.00640,1980,8,0.031900,19800829
19800901,0.021900,0.008900,-0.047900,0.00750,1980,9,0.054400,19800930
19801001,0.010600,0.024700,-0.027400,0.00950,1980,10,0.073200,19801031
19801101,0.095900,-0.034500,-0.083500,0.00960,1980,11,0.152400,19801128
19801201,-0.045200,-0.002800,0.026800,0.01310,1980,12,-0.066500,19801231
19810101,-0.050400,0.030000,0.068400,0.01040,1981,1,-0.079400,19810130
19810201,0.005700,-0.003100,0.009700,0.01070,1981,2,-0.013900,19810227
19810301,0.035600,0.035800,0.006700,0.01210,1981,3,0.007300,19810331
19810401,-0.021100,0.044200,0.022600,0.01080,1981,4,-0.009500,19810430
19810501,0.001100,0.020000,-0.004300,0.01150,1981,5,0.037500,19810529
19810601,-0.023600,-0.008500,0.051300,0.01350,1981,6,-0.059000,19810630
19810701,-0.015400,-0.021800,-0.006600,0.01240,1981,7,-0.025200,19810731
19810801,-0.070400,-0.019500,0.048400,0.01280,1981,8,-0.011200,19810831
19810901,-0.071700,-0.026600,0.052000,0.01240,1981,9,0.019700,19810930
19811001,0.049200,0.021300,-0.042100,0.01210,1981,10,0.040700,19811030
19811101,0.033600,-0.009600,0.019000,0.01070,1981,11,-0.002600,19811130
19811201,-0.036500,0.011700,0.007400,0.00870,1981,12,0.013200,19811231
19820101,-0.032400,-0.012900,0.031700,0.00800,1982,1,0.017300,19820129
19820201,-0.058600,0.004900,0.061000,0.00920,1982,2,0.050000,19820226
19820301,-0.018700,-0.001900,0.037800,0.00980,1982,3,0.029300,19820331
19820401,0.032700,0.015100,-0.027800,0.01130,1982,4,-0.004100,19820430
19820501,-0.039900,0.004700,0.018100,0.01060,1982,5,0.025500,19820528
19820601,-0.030900,-0.004000,0.015400,0.00960,1982,6,0.050000,19820630
19820701,-0.031900,0.008400,0.001500,0.01050,1982,7,0.044700,19820730
19820801,0.111400,-0.041100,0.011600,0.00760,1982,8,-0.035200,19820831
19820901,0.012900,0.028800,0.003400,0.00510,1982,9,0.041700,19820930
19821001,0.113000,0.023500,-0.036800,0.00590,1982,10,0.000300,19821029
19821101,0.046700,0.047700,-0.019600,0.00630,1982,11,0.058900,19821130
19821201,0.005500,-0.001800,0.000100,0.00670,1982,12,0.000200,19821231
19830101,0.036000,0.027000,-0.008600,0.00690,1983,1,-0.017000,19830131
19830201,0.025900,0.032300,0.006700,0.00620,1983,2,0.038300,19830228
19830301,0.028200,0.017700,0.020700,0.00630,1983,3,0.009300,19830331
19830401,0.066700,0.005300,0.006000,0.00710,1983,4,0.018000,19830429
19830501,0.005200,0.061600,-0.014000,0.00690,1983,5,-0.015900,19830531
19830601,0.030700,0.009100,-0.038700,0.00670,1983,6,0.017800,19830630
19830701,-0.040700,0.014600,0.056200,0.00740,1983,7,-0.031300,19830729
19830801,-0.005000,-0.043000,0.055500,0.00760,1983,8,-0.054400,19830831
19830901,0.009100,0.005600,0.010900,0.00760,1983,9,-0.001000,19830930
19831001,-0.034400,-0.036000,0.050600,0.00760,1983,10,-0.045600,19831031
19831101,0.021600,0.020400,-0.006200,0.00700,1983,11,-0.000900,19831130
19831201,-0.017800,-0.002900,0.016700,0.00730,1983,12,0.007400,19831230
19840101,-0.019200,-0.004300,0.076300,0.00760,1984,1,-0.024900,19840131
19840201,-0.048200,-0.017100,0.033600,0.00710,1984,2,0.001900,19840229
19840301,0.006300,0.000700,0.004800,0.00730,1984,3,0.010900,19840330
19840401,-0.005100,-0.012000,0.012900,0.00810,1984,4,0.020500,19840430
19840501,-0.059700,0.000300,0.002600,0.00780,1984,5,0.015200,19840531
19840601,0.018200,-0.003200,-0.026000,0.00750,1984,6,-0.007000,19840629
19840701,-0.027400,-0.022100,0.004900,0.00820,1984,7,0.029300,19840731
19840801,0.102800,-0.002500,-0.018500,0.00830,1984,8,-0.056900,19840831
19840901,-0.008000,0.002000,0.053200,0.00860,1984,9,0.036700,19840928
19841001,-0.008400,-0.012000,0.005100,0.01000,1984,10,0.032100,19841031
19841101,-0.017600,-0.006200,0.040800,0.00730,1984,11,0.017000,19841130
19841201,0.018400,-0.006000,-0.001700,0.00640,1984,12,0.015400,19841231
19850101,0.079900,0.032700,-0.054300,0.00650,1985,1,-0.069000,19850131
19850201,0.012200,0.007600,-0.001200,0.00580,1985,2,0.018200,19850228
19850301,-0.008400,-0.011500,0.041000,0.00620,1985,3,0.016800,19850329
19850401,-0.009600,0.001400,0.037300,0.00720,1985,4,0.030600,19850430
19850501,0.050900,-0.022500,-0.008600,0.00660,1985,5,0.040000,19850531
19850601,0.012700,0.004600,0.004000,0.00550,1985,6,0.036300,19850628
19850701,-0.007400,0.028500,-0.016300,0.00620,1985,7,-0.039400,19850731
19850801,-0.010200,-0.003400,0.022800,0.00550,1985,8,0.018200,19850830
19850901,-0.045400,-0.015800,0.013200,0.00600,1985,9,0.014800,19850930
19851001,0.040200,-0.015700,0.007800,0.00650,1985,10,0.048800,19851031
19851101,0.064800,0.002300,-0.028700,0.00610,1985,11,-0.004000,19851129
19851201,0.038800,-0.004900,-0.015300,0.00650,1985,12,-0.001300,19851231
19860101,0.006500,0.012200,0.005300,0.00560,1986,1,0.029600,19860131
19860201,0.071300,-0.006500,-0.009400,0.00530,1986,2,0.027800,19860228
19860301,0.048800,-0.005200,-0.004400,0.00600,1986,3,0.024500,19860331
19860401,-0.013100,0.028400,-0.028500,0.00520,1986,4,-0.005000,19860430
19860501,0.046200,-0.013200,-0.001100,0.00490,1986,5,0.020200,19860530
19860601,0.010300,-0.009100,0.014000,0.00520,1986,6,0.051600,19860630
19860701,-0.064500,-0.033800,0.047800,0.00520,1986,7,0.018000,19860731
19860801,0.060700,-0.041700,0.035200,0.00460,1986,8,-0.050100,19860829
19860901,-0.086000,0.022800,0.031900,0.00450,1986,9,-0.058600,19860930
19861001,0.046600,-0.024800,-0.013200,0.00460,1986,10,0.026900,19861031
19861101,0.011700,-0.019200,-0.000600,0.00390,1986,11,-0.003200,19861128
19861201,-0.032700,0.000800,0.003700,0.00490,1986,12,0.004000,19861231
19870101,0.124700,-0.018100,-0.031800,0.00420,1987,1,0.021000,19870130
19870201,0.043900,0.034900,-0.059900,0.00430,1987,2,-0.021700,19870227
19870301,0.016400,0.003700,0.016600,0.00470,1987,3,0.016000,19870331
19870401,-0.021100,-0.016900,-0.003300,0.00440,1987,4,0.002600,19870430
19870501,0.001100,-0.005300,0.001300,0.00380,1987,5,-0.006800,19870529
19870601,0.039400,-0.021800,0.010700,0.00480,1987,6,-0.002000,19870630
19870701,0.038500,-0.006700,0.006600,0.00460,1987,7,0.026700,19870731
19870801,0.035200,-0.007200,-0.009000,0.00470,1987,8,-0.008700,19870831
19870901,-0.025900,0.005200,0.002800,0.00450,1987,9,0.007100,19870930
19871001,-0.232400,-0.084300,0.042300,0.00600,1987,10,-0.078600,19871030
19871101,-0.077700,0.027700,0.031400,0.00350,1987,11,-0.011400,19871130
19871201,0.068100,0.001300,-0.044900,0.00390,1987,12,0.058300,19871231
19880101,0.042100,-0.007700,0.050800,0.00290,1988,1,-0.075800,19880129
19880201,0.047500,0.033600,-0.016500,0.00460,1988,2,-0.015400,19880229
19880301,-0.022700,0.061600,0.007400,0.00440,1988,3,0.006300,19880331
19880401,0.005600,0.009600,0.016900,0.00460,1988,4,0.022500,19880429
19880501,-0.002900,-0.026400,0.023000,0.00510,1988,5,0.006400,19880531
19880601,0.047900,0.021600,-0.010700,0.00490,1988,6,-0.029100,19880630
19880701,-0.012500,-0.002100,0.022700,0.00510,1988,7,0.006300,19880729
19880801,-0.033100,0.000400,0.020300,0.00590,1988,8,0.003300,19880831
19880901,0.033000,-0.012500,-0.006800,0.00620,1988,9,0.002300,19880930
19881001,0.011500,-0.029000,0.017100,0.00610,1988,10,0.013100,19881031
19881101,-0.022900,-0.017400,0.012400,0.00570,1988,11,0.004200,19881130
19881201,0.014900,0.019500,-0.015500,0.00630,1988,12,0.004200,19881230
19890101,0.061000,-0.021400,0.005100,0.00550,1989,1,-0.001400,19890131
19890201,-0.022500,0.027600,0.008700,0.00610,1989,2,0.009400,19890228
19890301,0.015700,0.007400,0.004600,0.00670,1989,3,0.035600,19890331
19890401,0.043300,-0.005900,-0.014500,0.00670,1989,4,0.016900,19890428
19890501,0.033500,-0.000400,-0.008200,0.00790,1989,5,0.015600,19890531
19890601,-0.013500,-0.010100,0.021900,0.00710,1989,6,0.006300,19890630
19890701,0.072000,-0.040200,-0.028300,0.00700,1989,7,0.054100,19890731
19890801,0.014400,0.005100,0.007600,0.00740,1989,8,-0.001500,19890831
19890901,-0.007600,0.002600,-0.013500,0.00650,1989,9,0.034000,19890929
19891001,-0.036700,-0.033200,-0.010700,0.00680,1989,10,0.013600,19891031
19891101,0.010300,-0.012500,-0.011400,0.00690,1989,11,0.025800,19891130
19891201,0.011600,-0.024100,0.002400,0.00610,1989,12,0.027900,19891229
19900101,-0.078500,-0.012900,0.008500,0.00570,1990,1,-0.032800,19900131
19900201,0.011100,0.010400,0.006300,0.00570,1990,2,-0.005300,19900228
19900301,0.018300,0.015300,-0.028900,0.00640,1990,3,0.016400,19900330
19900401,-0.033600,-0.004900,-0.025500,0.00690,1990,4,0.024300,19900430
19900501,0.084200,-0.025600,-0.037200,0.00680,1990,5,0.030500,19900531
19900601,-0.010900,0.014200,-0.019500,0.00630,1990,6,0.024300,19900629
19900701,-0.019000,-0.032100,0.000600,0.00680,1990,7,0.059400,19900731
19900801,-0.101500,-0.035600,0.015700,0.00660,1990,8,0.017600,19900831
19900901,-0.061200,-0.036500,0.007400,0.00600,1990,9,0.055600,19900928
19901001,-0.019200,-0.055300,0.002700,0.00680,1990,10,0.067300,19901031
19901101,0.063500,0.003100,-0.032300,0.00570,1990,11,-0.056200,19901130
19901201,0.024600,0.007700,-0.015400,0.00600,1990,12,0.000200,19901231
19910101,0.046900,0.037800,-0.019300,0.00520,1991,1,-0.065500,19910131
19910201,0.071900,0.039600,-0.005600,0.00480,1991,2,-0.047500,19910228
19910301,0.026500,0.039000,-0.012100,0.00440,1991,3,0.027600,19910328
19910401,-0.002800,0.005000,0.014400,0.00530,1991,4,-0.024000,19910430
19910501,0.036500,-0.003600,-0.006300,0.00470,1991,5,-0.000900,19910531
19910601,-0.049400,0.000700,0.011700,0.00420,1991,6,0.004600,19910628
19910701,0.042400,-0.009200,-0.012500,0.00490,1991,7,0.043400,19910731
19910801,0.023200,0.016000,-0.007800,0.00460,1991,8,0.016300,19910830
19910901,-0.015900,0.016300,-0.010000,0.00460,1991,9,0.017300,19910930
19911001,0.012900,0.008800,-0.004300,0.00420,1991,10,0.032200,19911031
19911101,-0.041900,-0.004700,-0.019300,0.00390,1991,11,0.012600,19911129
19911201,0.108400,-0.022500,-0.040300,0.00380,1991,12,0.083000,19911231
19920101,-0.005900,0.084700,0.045100,0.00340,1992,1,-0.025100,19920131
19920201,0.010900,0.008800,0.063700,0.00280,1992,2,-0.005800,19920228
19920301,-0.026600,-0.010300,0.036500,0.00340,1992,3,-0.003600,19920331
19920401,0.010700,-0.061200,0.043100,0.00320,1992,4,-0.025400,19920430
19920501,0.003000,0.004000,0.012800,0.00280,1992,5,0.001300,19920529
19920601,-0.023400,-0.030900,0.034000,0.00320,1992,6,-0.006100,19920630
19920701,0.037700,-0.004500,-0.005200,0.00310,1992,7,0.014400,19920731
19920801,-0.023800,-0.001000,-0.009700,0.00260,1992,8,-0.005100,19920831
19920901,0.011900,0.005800,-0.002300,0.00260,1992,9,0.014300,19920930
19921001,0.010200,0.020200,-0.020000,0.00230,1992,10,0.027100,19921030
19921101,0.041300,0.036700,-0.014300,0.00230,1992,11,-0.003400,19921130
19921201,0.015300,0.016300,0.025900,0.00280,1992,12,0.044400,19921231
19930101,0.009300,0.020000,0.059300,0.00230,1993,1,0.048300,19930129
19930201,0.001200,-0.034400,0.064200,0.00220,1993,2,0.031000,19930226
19930301,0.023000,0.002200,0.012700,0.00250,1993,3,0.037400,19930331
19930401,-0.030500,-0.006500,0.025200,0.00240,1993,4,0.003300,19930430
19930501,0.028900,0.019600,-0.034800,0.00220,1993,5,0.003000,19930528
19930601,0.003100,-0.003400,0.026000,0.00250,1993,6,0.045700,19930630
19930701,-0.003400,0.009200,0.028900,0.00240,1993,7,0.032500,19930730
19930801,0.037100,0.001700,0.001200,0.00250,1993,8,0.025800,19930831
19930901,-0.001200,0.030300,-0.002200,0.00260,1993,9,0.034100,19930930
19931001,0.014100,0.020300,-0.027600,0.00220,1993,10,-0.026700,19931029
19931101,-0.018900,-0.012300,-0.007700,0.00250,1993,11,-0.047100,19931130
19931201,0.016500,0.012200,0.003400,0.00230,1993,12,0.022800,19931231
19940101,0.028700,0.003900,0.011200,0.00250,1994,1,0.000200,19940131
19940201,-0.025500,0.027900,-0.015700,0.00210,1994,2,-0.002900,19940228
19940301,-0.047800,-0.011400,0.016300,0.00270,1994,3,-0.013300,19940331
19940401,0.006800,-0.009600,0.017200,0.00270,1994,4,0.004100,19940429
19940501,0.005800,-0.021100,0.005800,0.00310,1994,5,-0.021500,19940531
19940601,-0.030300,-0.004100,0.017400,0.00310,1994,6,-0.008200,19940630
19940701,0.028200,-0.018100,0.006100,0.00280,1994,7,0.001900,19940729
19940801,0.040100,0.014100,-0.024600,0.00370,1994,8,0.015600,19940831
19940901,-0.023100,0.031200,-0.019100,0.00370,1994,9,0.013300,19940930
19941001,0.013400,-0.022400,-0.016500,0.00380,1994,10,0.014300,19941031
19941101,-0.040400,0.002700,-0.007700,0.00370,1994,11,-0.002000,19941130
19941201,0.008600,0.003100,-0.001900,0.00440,1994,12,0.035000,19941230
19950101,0.018000,-0.035000,0.025400,0.00420,1995,1,-0.018200,19950131
19950201,0.036300,-0.006600,0.011300,0.00400,1995,2,-0.003600,19950228
19950301,0.021900,-0.001900,-0.021500,0.00460,1995,3,0.003800,19950331
19950401,0.021100,-0.005400,0.017300,0.00440,1995,4,0.018000,19950428
19950501,0.029000,-0.025300,0.022000,0.00540,1995,5,-0.004400,19950531
19950601,0.027200,0.031500,-0.025600,0.00470,1995,6,0.029000,19950630
19950701,0.037200,0.021000,-0.016700,0.00450,1995,7,0.025300,19950731
19950801,0.005500,0.013500,0.029800,0.00470,1995,8,0.000900,19950831
19950901,0.033500,-0.022700,0.000000,0.00430,1995,9,0.027100,19950929
19951001,-0.015200,-0.038400,-0.003700,0.00470,1995,10,0.041100,19951031
19951101,0.039600,-0.011800,0.006500,0.00420,1995,11,-0.006500,19951130
19951201,0.010300,0.006300,0.002800,0.00490,1995,12,0.025400,19951229
19960101,0.022600,-0.026400,0.002900,0.00430,1996,1,0.005700,19960131
19960201,0.013300,0.018200,-0.010800,0.00390,1996,2,0.005700,19960229
19960301,0.007300,0.015300,0.004500,0.00390,1996,3,-0.018800,19960329
19960401,0.020600,0.052500,-0.041300,0.00460,1996,4,-0.009100,19960430
19960501,0.023600,0.030900,-0.008900,0.00420,1996,5,0.015500,19960531
19960601,-0.011400,-0.039300,0.023300,0.00400,1996,6,0.010100,19960628
19960701,-0.059700,-0.042900,0.051800,0.00450,1996,7,-0.001100,19960731
19960801,0.027700,0.024400,-0.007900,0.00410,1996,8,-0.000500,19960830
19960901,0.050100,-0.009700,-0.028000,0.00440,1996,9,0.027000,19960930
19961001,0.008600,-0.044300,0.048700,0.00420,1996,10,0.039100,19961031
19961101,0.062500,-0.040500,0.014500,0.00410,1996,11,-0.022300,19961129
19961201,-0.017000,0.031000,0.012300,0.00460,1996,12,0.006100,19961231
19970101,0.049800,-0.019500,-0.015100,0.00450,1997,1,0.019500,19970131
19970201,-0.004900,-0.032600,0.057500,0.00390,1997,2,-0.020500,19970228
19970301,-0.050200,-0.004000,0.034300,0.00430,1997,3,0.009600,19970331
19970401,0.040400,-0.057200,0.000200,0.00430,1997,4,0.049200,19970430
19970501,0.067400,0.051300,-0.040800,0.00490,1997,5,-0.051600,19970530
19970601,0.041000,0.012000,0.015400,0.00370,1997,6,0.026200,19970630
19970701,0.073300,-0.027300,0.003200,0.00430,1997,7,0.038100,19970731
19970801,-0.041500,0.073200,0.011600,0.00410,1997,8,-0.025500,19970829
19970901,0.053500,0.025400,0.002700,0.00440,1997,9,0.014500,19970930
19971001,-0.038000,-0.007900,0.023100,0.00420,1997,10,-0.003800,19971031
19971101,0.029800,-0.051400,0.012400,0.00390,1997,11,0.002900,19971128
19971201,0.013200,-0.027000,0.041000,0.00480,1997,12,0.039500,19971231
19980101,0.001500,-0.010200,-0.016400,0.00430,1998,1,0.001100,19980130
19980201,0.070400,0.002100,-0.005900,0.00390,1998,2,-0.011500,19980227
19980301,0.047600,-0.011700,0.014600,0.00390,1998,3,0.021500,19980331
19980401,0.007300,0.000300,0.009600,0.00430,1998,4,0.007800,19980430
19980501,-0.030700,-0.033900,0.033500,0.00400,1998,5,0.018800,19980529
19980601,0.031800,-0.033500,-0.018700,0.00410,1998,6,0.072600,19980630
19980701,-0.024600,-0.049200,-0.016200,0.00400,1998,7,0.036800,19980731
19980801,-0.160800,-0.056500,0.036800,0.00430,1998,8,0.018800,19980831
19980901,0.061500,0.000800,-0.033900,0.00460,1998,9,-0.007100,19980930
19981001,0.071300,-0.031400,-0.023000,0.00320,1998,10,-0.053600,19981030
19981101,0.061000,0.012000,-0.032100,0.00310,1998,11,0.011600,19981130
19981201,0.061600,-0.005400,-0.041400,0.00380,1998,12,0.089900,19981231
19990101,0.035000,0.007800,-0.049500,0.00350,1999,1,0.030400,19990129
19990201,-0.040800,-0.060800,0.018900,0.00350,1999,2,-0.001600,19990226
19990301,0.034500,-0.037500,-0.027800,0.00430,1999,3,-0.012900,19990331
19990401,0.043300,0.039900,0.023800,0.00370,1999,4,-0.090600,19990430
19990501,-0.024600,0.033600,0.024000,0.00340,1999,5,-0.052800,19990528
19990601,0.047700,0.031100,-0.036000,0.00400,1999,6,0.048800,19990630
19990701,-0.034900,0.025800,-0.003800,0.00380,1999,7,0.015100,19990730
19990801,-0.013800,-0.009800,-0.016700,0.00390,1999,8,0.029200,19990831
19990901,-0.027900,0.033900,-0.035400,0.00390,1999,9,0.064600,19990930
19991001,0.061200,-0.067000,-0.033000,0.00390,1999,10,0.054700,19991029
19991101,0.033700,0.071100,-0.061200,0.00360,1999,11,0.056200,19991130
19991201,0.077200,0.070200,-0.083900,0.00440,1999,12,0.131900,19991231
20000101,-0.047400,0.056200,-0.014600,0.00410,2000,1,0.018600,20000131
20000201,0.024500,0.211300,-0.090500,0.00430,2000,2,0.183600,20000229
20000301,0.052000,-0.167200,0.074900,0.00470,2000,3,-0.063900,20000331
20000401,-0.064000,-0.070400,0.076800,0.00460,2000,4,-0.085700,20000428
20000501,-0.044200,-0.062100,0.049100,0.00500,2000,5,-0.090800,20000531
20000601,0.046400,0.126000,-0.081900,0.00400,2000,6,0.165900,20000630
20000701,-0.025100,-0.031000,0.083800,0.00480,2000,7,-0.001100,20000731
20000801,0.070300,-0.006800,-0.014600,0.00500,2000,8,0.057000,20000831
20000901,-0.054500,-0.018900,0.073000,0.00510,2000,9,0.022000,20000929
20001001,-0.027600,-0.038000,0.056900,0.00560,2000,10,-0.046300,20001031
20001101,-0.107200,-0.034700,0.125500,0.00510,2000,11,-0.024000,20001130
20001201,0.011900,0.007200,0.075700,0.00500,2000,12,0.067000,20001229
20010101,0.031300,0.067400,-0.052800,0.00540,2001,1,-0.250500,20010131
20010201,-0.100500,-0.008200,0.126000,0.00380,2001,2,0.125100,20010228
20010301,-0.072600,0.001700,0.065200,0.00420,2001,3,0.083500,20010330
20010401,0.079400,0.005900,-0.047400,0.00390,2001,4,-0.079700,20010430
20010501,0.007200,0.025200,0.033800,0.00320,2001,5,0.021200,20010531
20010601,-0.019400,0.062400,-0.012000,0.00280,2001,6,0.003400,20010629
20010701,-0.021300,-0.044500,0.056000,0.00300,2001,7,0.054700,20010731
20010801,-0.064600,0.024000,0.025200,0.00310,2001,8,0.055400,20010831
20010901,-0.092500,-0.063300,0.017200,0.00280,2001,9,0.115400,20010928
20011001,0.024600,0.076800,-0.079400,0.00220,2001,10,-0.084100,20011031
20011101,0.075400,-0.003400,0.019100,0.00170,2001,11,-0.085800,20011130
20011201,0.016100,0.046100,0.012000,0.00150,2001,12,-0.000200,20011231
20020101,-0.014400,0.010900,0.034800,0.00140,2002,1,0.036800,20020131
20020201,-0.022900,-0.011300,0.024600,0.00130,2002,2,0.067700,20020228
20020301,0.042400,0.042100,0.009700,0.00130,2002,3,-0.016700,20020328
20020401,-0.052000,0.058200,0.041500,0.00150,2002,4,0.079500,20020430
20020501,-0.013800,-0.032800,0.016400,0.00140,2002,5,0.029700,20020531
20020601,-0.072100,0.042100,0.000300,0.00130,2002,6,0.061500,20020628
20020701,-0.081800,-0.052400,-0.035100,0.00150,2002,7,0.033400,20020731
20020801,0.005000,-0.029300,0.032000,0.00140,2002,8,0.017600,20020830
20020901,-0.103500,0.023600,0.016800,0.00140,2002,9,0.090900,20020930
20021001,0.078400,-0.034400,-0.041400,0.00140,2002,10,-0.053100,20021031
20021101,0.059600,0.032400,-0.015300,0.00120,2002,11,-0.161900,20021129
20021201,-0.057600,-0.000200,0.023800,0.00110,2002,12,0.096400,20021231
20030101,-0.025700,0.013200,-0.007500,0.00100,2003,1,0.016000,20030131
20030201,-0.018800,-0.004500,-0.012800,0.00090,2003,2,0.012500,20030228
20030301,0.010900,0.009000,-0.021000,0.00100,2003,3,0.016000,20030331
20030401,0.082200,0.006700,0.008800,0.00100,2003,4,-0.094900,20030430
20030501,0.060500,0.044800,0.000100,0.00090,2003,5,-0.108500,20030530
20030601,0.014200,0.018000,0.003800,0.00100,2003,6,-0.010900,20030630
20030701,0.023500,0.052200,-0.010600,0.00070,2003,7,-0.003100,20030731
20030801,0.023400,0.026900,0.015800,0.00070,2003,8,-0.005500,20030829
20030901,-0.012400,0.007000,0.000800,0.00080,2003,9,-0.001900,20030930
20031001,0.060800,0.026400,0.018300,0.00070,2003,10,0.037300,20031031
20031101,0.013500,0.020000,0.018100,0.00070,2003,11,0.016300,20031128
20031201,0.042900,-0.027600,0.016100,0.00080,2003,12,-0.056900,20031231
20040101,0.021500,0.025200,0.024900,0.00070,2004,1,0.025900,20040130
20040201,0.014000,-0.015600,0.008600,0.00060,2004,2,-0.010700,20040227
20040301,-0.013200,0.017500,0.002500,0.00090,2004,3,0.002200,20040331
20040401,-0.018300,-0.017300,-0.030400,0.00080,2004,4,-0.053700,20040430
20040501,0.011700,-0.002400,-0.002700,0.00060,2004,5,0.015900,20040528
20040601,0.018600,0.022600,0.012200,0.00080,2004,6,0.020900,20040630
20040701,-0.040600,-0.038300,0.033600,0.00100,2004,7,-0.022800,20040730
20040801,0.000800,-0.015500,0.010100,0.00110,2004,8,-0.015800,20040831
20040901,0.016000,0.030000,-0.000500,0.00110,2004,9,0.052500,20040930
20041001,0.014300,0.001100,-0.003200,0.00110,2004,10,-0.015200,20041029
20041101,0.045400,0.037300,0.014700,0.00150,2004,11,0.032300,20041130
20041201,0.034300,-0.001000,-0.001300,0.00160,2004,12,-0.028300,20041231
20050101,-0.027600,-0.016900,0.020900,0.00160,2005,1,0.031900,20050131
20050201,0.018900,-0.005300,0.016000,0.00160,2005,2,0.031800,20050228
20050301,-0.019700,-0.013600,0.021400,0.00210,2005,3,0.005500,20050331
20050401,-0.026100,-0.039700,0.000200,0.00210,2005,4,-0.008500,20050429
20050501,0.036500,0.027800,-0.006100,0.00240,2005,5,0.004300,20050531
20050601,0.005700,0.025200,0.028400,0.00230,2005,6,0.020600,20050630
20050701,0.039200,0.028900,-0.008500,0.00240,2005,7,-0.000300,20050729
20050801,-0.012200,-0.009500,0.012400,0.00300,2005,8,0.022700,20050831
20050901,0.004900,-0.006100,0.007600,0.00290,2005,9,0.034500,20050930
20051001,-0.020200,-0.012300,0.003600,0.00270,2005,10,-0.013000,20051031
20051101,0.036100,0.009900,-0.012100,0.00310,2005,11,0.002700,20051130
20051201,-0.002500,-0.004600,0.002500,0.00320,2005,12,0.007600,20051230
20060101,0.030400,0.054300,0.009000,0.00350,2006,1,0.026800,20060131
20060201,-0.003000,-0.004100,-0.003100,0.00340,2006,2,-0.018400,20060228
20060301,0.014600,0.034600,0.005600,0.00370,2006,3,0.012600,20060331
20060401,0.007300,-0.014300,0.023900,0.00360,2006,4,0.006100,20060428
20060501,-0.035700,-0.031000,0.024700,0.00430,2006,5,-0.036500,20060531
20060601,-0.003500,-0.003500,0.009300,0.00400,2006,6,0.014700,20060630
20060701,-0.007800,-0.040000,0.026100,0.00400,2006,7,-0.022200,20060731
20060801,0.020300,0.010500,-0.019700,0.00420,2006,8,-0.034600,20060831
20060901,0.018400,-0.012900,0.000700,0.00410,2006,9,-0.009500,20060929
20061001,0.032300,0.016900,-0.002700,0.00410,2006,10,-0.002400,20061031
20061101,0.017100,0.007800,0.000600,0.00420,2006,11,-0.010100,20061130
20061201,0.008700,-0.011300,0.027000,0.00400,2006,12,0.008400,20061229
20070101,0.014000,0.001700,-0.006800,0.00440,2007,1,0.001800,20070131
20070201,-0.019600,0.013100,-0.001500,0.00380,2007,2,-0.013600,20070228
20070301,0.006800,0.001000,-0.008100,0.00430,2007,3,0.025000,20070330
20070401,0.034900,-0.021700,-0.014000,0.00440,2007,4,-0.001500,20070430
20070501,0.032400,0.002600,-0.006300,0.00410,2007,5,-0.002700,20070531
20070601,-0.019600,0.007600,-0.011000,0.00400,2007,6,0.003900,20070629
20070701,-0.037300,-0.024600,-0.036000,0.00400,2007,7,0.028100,20070731
20070801,0.009200,-0.001700,-0.019800,0.00420,2007,8,0.001000,20070831
20070901,0.032200,-0.022600,-0.022400,0.00320,2007,9,0.045700,20070928
20071001,0.018000,0.002000,-0.027600,0.00320,2007,10,0.048800,20071031
20071101,-0.048300,-0.027700,-0.010900,0.00340,2007,11,0.009000,20071130
20071201,-0.008700,0.001200,-0.005700,0.00270,2007,12,0.065400,20071231
20080101,-0.063600,-0.008700,0.037500,0.00210,2008,1,-0.078800,20080131
20080201,-0.030900,-0.003500,-0.007100,0.00130,2008,2,0.061100,20080229
20080301,-0.009300,0.007900,0.000900,0.00170,2008,3,0.041000,20080331
20080401,0.046000,-0.016000,-0.009800,0.00180,2008,4,-0.003300,20080430
20080501,0.018600,0.030500,-0.013600,0.00180,2008,5,0.032100,20080530
20080601,-0.084400,0.011300,-0.026600,0.00170,2008,6,0.125400,20080630
20080701,-0.007700,0.024500,0.054300,0.00150,2008,7,-0.051300,20080731
20080801,0.015300,0.035300,0.015400,0.00130,2008,8,-0.040300,20080829
20080901,-0.092400,-0.012100,0.062700,0.00150,2008,9,0.003600,20080930
20081001,-0.172300,-0.025200,-0.022900,0.00080,2008,10,0.077900,20081031
20081101,-0.078600,-0.028700,-0.060400,0.00030,2008,11,0.071700,20081128
20081201,0.017400,0.035600,0.000800,0.00000,2008,12,-0.050700,20081231
20090101,-0.081200,0.003600,-0.110600,0.00000,2009,1,-0.018200,20090130
20090201,-0.101000,0.001800,-0.067600,0.00010,2009,2,0.040300,20090227
20090301,0.089500,-0.000300,0.032900,0.00020,2009,3,-0.116100,20090331
20090401,0.101800,0.051500,0.048600,0.00010,2009,4,-0.343900,20090430
20090501,0.052100,-0.025800,0.003700,0.00000,2009,5,-0.124700,20090529
20090601,0.004300,0.025700,-0.025800,0.00010,2009,6,0.053000,20090630
20090701,0.077200,0.018800,0.049600,0.00010,2009,7,-0.053700,20090731
20090801,0.033300,-0.011200,0.075900,0.00010,2009,8,-0.088200,20090831
20090901,0.040800,0.024100,0.008700,0.00010,2009,9,-0.049500,20090930
20091001,-0.025900,-0.041800,-0.040400,0.00000,2009,10,0.026600,20091030
20091101,0.055600,-0.024800,-0.002900,0.00000,2009,11,0.003300,20091130
20091201,0.027500,0.061200,-0.001100,0.00010,2009,12,0.029100,20091231
20100101,-0.033600,0.003700,0.002900,0.00000,2010,1,-0.053600,20100129
20100201,0.034000,0.011900,0.031800,0.00000,2010,2,0.036300,20100226
20100301,0.063100,0.014300,0.021600,0.00010,2010,3,0.037100,20100331
20100401,0.020000,0.048600,0.029300,0.00010,2010,4,0.032100,20100430
20100501,-0.078900,0.001500,-0.024000,0.00010,2010,5,-0.001700,20100528
20100601,-0.055700,-0.018400,-0.045200,0.00010,2010,6,-0.029900,20100630
20100701,0.069300,0.001700,-0.003300,0.00010,2010,7,0.019000,20100730
20100801,-0.047700,-0.030300,-0.019100,0.00010,2010,8,-0.001800,20100831
20100901,0.095400,0.039400,-0.032700,0.00010,2010,9,0.013500,20100930
20101001,0.038800,0.010400,-0.025100,0.00010,2010,10,0.016600,20101029
20101101,0.006000,0.037700,-0.010200,0.00010,2010,11,0.025400,20101130
20101201,0.068200,0.006900,0.036700,0.00010,2010,12,-0.031800,20101231
20110101,0.019900,-0.025200,0.007500,0.00010,2011,1,-0.002900,20110131
20110201,0.034900,0.015300,0.013600,0.00010,2011,2,0.020800,20110228
20110301,0.004600,0.025900,-0.017200,0.00010,2011,3,0.035200,20110331
20110401,0.029000,-0.003800,-0.024500,0.00000,2011,4,0.000600,20110429
20110501,-0.012700,-0.005700,-0.021600,0.00000,2011,5,-0.005700,20110531
20110601,-0.017500,-0.001300,-0.004800,0.00000,2011,6,0.017700,20110630
20110701,-0.023500,-0.014000,-0.008300,0.00000,2011,7,-0.000100,20110729
20110801,-0.059900,-0.030800,-0.024200,0.00010,2011,8,-0.003400,20110831
20110901,-0.075900,-0.033700,-0.016300,0.00000,2011,9,-0.025200,20110930
20111001,0.113500,0.033600,0.001300,0.00000,2011,10,-0.014400,20111031
20111101,-0.002800,-0.001300,-0.003300,0.00000,2011,11,0.040100,20111130
20111201,0.007400,-0.006300,0.017300,0.00000,2011,12,0.019800,20111230
20120101,0.050500,0.020700,-0.009900,0.00000,2012,1,-0.079400,20120131
20120201,0.044200,-0.018300,0.003200,0.00000,2012,2,-0.002800,20120229
20120301,0.031100,-0.007100,0.011900,0.00000,2012,3,0.015100,20120330
20120401,-0.008500,-0.003700,-0.008000,0.00000,2012,4,0.038300,20120430
20120501,-0.061900,0.000900,-0.007800,0.00010,2012,5,0.066300,20120531
20120601,0.038900,0.007800,0.006300,0.00000,2012,6,-0.007600,20120629
20120701,0.007900,-0.026200,-0.000700,0.00000,2012,7,0.031000,20120731
20120801,0.025500,0.004200,0.012100,0.00010,2012,8,-0.024700,20120831
20120901,0.027300,0.004900,0.015300,0.00010,2012,9,-0.010600,20120928
20121001,-0.017600,-0.011300,0.036800,0.00010,2012,10,0.000800,20121031
20121101,0.007800,0.005400,-0.009400,0.00010,2012,11,0.004000,20121130
20121201,0.011800,0.014500,0.035200,0.00010,2012,12,-0.029500,20121231
20130101,0.055700,0.003600,0.009100,0.00000,2013,1,-0.019000,20130131
20130201,0.012900,-0.004100,0.000700,0.00000,2013,2,0.013100,20130228
20130301,0.040300,0.007500,-0.002000,0.00000,2013,3,0.019600,20130328
20130401,0.015500,-0.024200,0.005500,0.00000,2013,4,0.002700,20130430
20130501,0.028000,0.016200,0.026500,0.00000,2013,5,-0.017400,20130531
20130601,-0.012000,0.011500,-0.000200,0.00000,2013,6,0.005800,20130628
20130701,0.056500,0.018700,0.005800,0.00000,2013,7,0.017800,20130731
20130801,-0.027100,0.003000,-0.026700,0.00000,2013,8,0.000200,20130830
20130901,0.037700,0.028900,-0.011900,0.00000,2013,9,0.029600,20130930
20131001,0.041800,-0.015300,0.012000,0.00000,2013,10,0.001700,20131031
20131101,0.031300,0.011800,0.003100,0.00000,2013,11,0.004400,20131129
20131201,0.028100,-0.005800,-0.000500,0.00000,2013,12,0.000700,20131231
20140101,-0.033200,0.008700,-0.020200,0.00000,2014,1,0.017400,20140131
20140201,0.046500,0.003100,-0.003700,0.00000,2014,2,0.020500,20140228
20140301,0.004300,-0.018500,0.049100,0.00000,2014,3,-0.033800,20140331
20140401,-0.001900,-0.042100,0.011100,0.00000,2014,4,-0.037700,20140430
20140501,0.020600,-0.019100,-0.001200,0.00000,2014,5,0.012100,20140530
20140601,0.026100,0.030800,-0.006800,0.00000,2014,6,0.007400,20140630
20140701,-0.020400,-0.042600,-0.000200,0.00000,2014,7,-0.002400,20140731
20140801,0.042400,0.003800,-0.005800,0.00000,2014,8,0.007900,20140829
20140901,-0.019700,-0.037800,-0.013100,0.00000,2014,9,0.004400,20140930
20141001,0.025200,0.042800,-0.018200,0.00000,2014,10,-0.000400,20141031
20141101,0.025500,-0.020900,-0.028700,0.00000,2014,11,0.010600,20141128
20141201,-0.000600,0.025200,0.021800,0.00000,2014,12,0.010900,20141231
20150101,-0.031100,-0.005600,-0.035000,0.00000,2015,1,0.038100,20150130
20150201,0.061400,0.005300,-0.018900,0.00000,2015,2,-0.028300,20150227
20150301,-0.011200,0.030200,-0.004300,0.00000,2015,3,0.030000,20150331
20150401,0.005900,-0.030100,0.018400,0.00000,2015,4,-0.073200,20150430
20150501,0.013600,0.009300,-0.011900,0.00000,2015,5,0.060300,20150529
20150601,-0.015300,0.028400,-0.007600,0.00000,2015,6,0.030700,20150630
20150701,0.015400,-0.040900,-0.041900,0.00000,2015,7,0.102900,20150731
20150801,-0.060400,0.004700,0.026300,0.00000,2015,8,-0.020900,20150831
20150901,-0.030700,-0.026100,0.005100,0.00000,2015,9,0.053500,20150930
20151001,0.077500,-0.019900,-0.002100,0.00000,2015,10,-0.040300,20151030
20151101,0.005600,0.036700,-0.005300,0.00000,2015,11,0.022100,20151130
20151201,-0.021700,-0.028400,-0.025200,0.00010,2015,12,0.034100,20151231
20160101,-0.057700,-0.033400,0.019800,0.00010,2016,1,0.013400,20160129
20160201,-0.000800,0.008400,-0.005600,0.00020,2016,2,-0.040600,20160229
20160301,0.069600,0.008300,0.010600,0.00020,2016,3,-0.051300,20160331
20160401,0.009200,0.006700,0.033000,0.00010,2016,4,-0.062600,20160429
20160501,0.017800,-0.002600,-0.017200,0.00010,2016,5,0.021400,20160531
20160601,-0.000500,0.006500,-0.014600,0.00020,2016,6,0.041100,20160630
20160701,0.039500,0.026200,-0.012300,0.00020,2016,7,-0.030800,20160729
20160801,0.005000,0.011600,0.032400,0.00020,2016,8,-0.031700,20160831
20160901,0.002500,0.020300,-0.012000,0.00020,2016,9,-0.005300,20160930
20161001,-0.020200,-0.044200,0.040400,0.00020,2016,10,0.006900,20161031
20161101,0.048600,0.054600,0.081500,0.00010,2016,11,-0.040700,20161130
20161201,0.018100,0.001100,0.034900,0.00030,2016,12,-0.003800,20161230
20170101,0.019400,-0.010400,-0.027700,0.00040,2017,1,-0.009800,20170131
20170201,0.035700,-0.019900,-0.017800,0.00040,2017,2,-0.016300,20170228
20170301,0.001700,0.011600,-0.032500,0.00030,2017,3,-0.009200,20170331
20170401,0.010900,0.007100,-0.020500,0.00050,2017,4,0.004400,20170428
20170501,0.010600,-0.025900,-0.036900,0.00060,2017,5,0.014600,20170531
20170601,0.007800,0.021500,0.014300,0.00060,2017,6,-0.003200,20170630
20170701,0.018700,-0.014700,-0.003300,0.00070,2017,7,0.016600,20170731
20170801,0.001600,-0.016000,-0.023000,0.00090,2017,8,0.035500,20170831
20170901,0.025100,0.044700,0.031100,0.00090,2017,9,-0.011800,20170929
20171001,0.022500,-0.019400,0.000700,0.00090,2017,10,0.043000,20171031
20171101,0.031200,-0.005900,-0.000600,0.00080,2017,11,-0.007100,20171130
20171201,0.010600,-0.013100,0.002700,0.00090,2017,12,-0.016300,20171229
20180101,0.055800,-0.031000,-0.012400,0.00110,2018,1,0.039400,20180131
20180201,-0.036500,0.003000,-0.010200,0.00110,2018,2,0.039700,20180228
20180301,-0.023500,0.040500,-0.001400,0.00120,2018,3,-0.012800,20180329
20180401,0.002900,0.011400,0.004600,0.00140,2018,4,0.002700,20180430
20180501,0.026500,0.052800,-0.031500,0.00140,2018,5,0.038000,20180531
20180601,0.004800,0.011800,-0.022700,0.00140,2018,6,-0.023800,20180629
20180701,0.031900,-0.022100,0.005800,0.00160,2018,7,-0.016700,20180731
20180801,0.034400,0.010800,-0.038700,0.00160,2018,8,0.052200,20180831
20180901,0.000600,-0.022400,-0.017000,0.00150,2018,9,-0.000600,20180928
20181001,-0.076800,-0.049100,0.036200,0.00190,2018,10,-0.018100,20181031
20181101,0.016900,-0.006900,0.002000,0.00180,2018,11,-0.013300,20181130
20181201,-0.095500,-0.025400,-0.018800,0.00190,2018,12,0.018500,20181231
20190101,0.084100,0.029400,-0.005600,0.00210,2019,1,-0.086500,20190131
20190201,0.034000,0.021000,-0.027200,0.00180,2019,2,0.008600,20190228
20190301,0.011000,-0.030600,-0.042000,0.00190,2019,3,0.021400,20190329
20190401,0.039600,-0.017700,0.020000,0.00210,2019,4,-0.025500,20190430
20190501,-0.069400,-0.012500,-0.021500,0.00210,2019,5,0.076000,20190531
20190601,0.069300,0.002000,-0.008200,0.00180,2019,6,-0.021400,20190628
20190701,0.011900,-0.020600,0.003000,0.00190,2019,7,0.027200,20190731
20190801,-0.025800,-0.024300,-0.049300,0.00160,2019,8,0.076600,20190830
20190901,0.014300,-0.009900,0.067800,0.00180,2019,9,-0.068500,20190930
20191001,0.020600,0.002700,-0.020900,0.00150,2019,10,0.002900,20191031
20191101,0.038700,0.008500,-0.018700,0.00120,2019,11,-0.026000,20191129
20191201,0.027700,0.007100,0.019300,0.00140,2019,12,-0.022700,20191231
20200101,-0.001100,-0.030900,-0.063000,0.00130,2020,1,0.054300,20200131
20200201,-0.081300,0.010000,-0.039600,0.00120,2020,2,-0.002300,20200228
20200301,-0.133800,-0.051000,-0.141100,0.00120,2020,3,0.085500,20200331
20200401,0.136500,0.027500,-0.013500,0.00000,2020,4,-0.054900,20200430
20200501,0.055800,0.024700,-0.049500,0.00010,2020,5,0.006700,20200529
20200601,0.024600,0.027000,-0.022200,0.00010,2020,6,-0.007600,20200630
20200701,0.057700,-0.021800,-0.013100,0.00010,2020,7,0.076100,20200731
20200801,0.076300,-0.002600,-0.029500,0.00010,2020,8,0.005100,20200831
20200901,-0.036300,0.000600,-0.025600,0.00010,2020,9,0.030500,20200930
20201001,-0.021000,0.044400,0.038800,0.00010,2020,10,-0.031000,20201030
